became,km,user,changeset
gone (deleted or outside the park),0.1389750216353461,,
gone (deleted or outside the park),0.08918548573133406,,
"highway=track, bicycle=yes",0.13659967445378823,Reino Baptista,52649064.0
highway=track,0.0722568452890936,Reino Baptista,52651563.0
highway=track,0.02447650692498289,Reino Baptista,52648486.0
highway=path,1.025930607296398,Reino Baptista,52648486.0
highway=path,0.17078753741215744,Reino Baptista,53837632.0
highway=track,0.048021081597666666,romaosl,43380301.0
"highway=path, bicycle=yes",0.3360369421280524,Reino Baptista,52734068.0
highway=path,0.07800639753420997,Reino Baptista,53185098.0
highway=track,0.006910975579343509,Reino Baptista,52648486.0
"highway=track, bicycle=yes",0.1890983752820087,Reino Baptista,52649064.0
gone (deleted or outside the park),0.11077052998728877,,
highway=path,0.11348637501900147,Reino Baptista,52648486.0
"highway=path, bicycle=yes",0.1505078869400966,Reino Baptista,49463848.0
"highway=path, bicycle=yes",0.560401817058772,osm-qa,52289514.0
"highway=path, bicycle=yes",0.2392276482944235,romaosl,54837587.0
"highway=track, bicycle=yes",0.15618348214989253,Reino Baptista,52631735.0
highway=track,0.04137197593759992,Reino Baptista,52651563.0
gone (deleted or outside the park),0.04436839057664404,,
"highway=path, bicycle=yes",0.11139868787192299,Reino Baptista,49300647.0
highway=path,0.17652967715325862,Reino Baptista,52632107.0
"highway=path, bicycle=yes",0.20429822460706626,romaosl,43380301.0
"highway=path, bicycle=yes",0.13505112563014315,Reino Baptista,52733677.0
"highway=track, bicycle=yes",0.05248253318668078,Reino Baptista,52654288.0
highway=path,0.1539844624057581,Reino Baptista,47437525.0
highway=path,0.02948801499659787,Reino Baptista,53576660.0
highway=path,0.025242593113638974,romaosl,47521767.0
highway=path,0.06807192192619295,Reino Baptista,47437525.0
highway=path,0.04750063298642819,romaosl,43383824.0
highway=path,0.010481817375290834,romaosl,47521767.0
"highway=path, bicycle=yes",0.7653253017507932,Reino Baptista,52655951.0
highway=path,0.041553609356407215,Reino Baptista,49795704.0
"highway=path, bicycle=yes",0.19541212305980987,Reino Baptista,52734068.0
highway=track,0.07216851237141253,Reino Baptista,52651563.0
"highway=path, bicycle=yes",0.08604189839760967,Reino Baptista,52600908.0
highway=path,0.2051658083988839,Reino Baptista,47437525.0
"highway=path, bicycle=yes",0.5694355628909418,romaosl,54837587.0
highway=track,0.1184101169858508,Reino Baptista,40096138.0
gone (deleted or outside the park),0.872642773261277,,
"highway=path, bicycle=yes",0.04352008679874858,Reino Baptista,47437525.0
"highway=track, bicycle=yes",0.7167261873551999,Reino Baptista,52654288.0
gone (deleted or outside the park),0.05173823913986189,,
"highway=track, bicycle=yes",0.0715548323460586,Reino Baptista,52630431.0
highway=path,0.17627079259204345,Reino Baptista,52600222.0
highway=path,0.07587640199907848,Reino Baptista,52603359.0
highway=path,0.1743458611746056,osm-qa,52289514.0
highway=path,0.050630378705247656,Reino Baptista,52733677.0
"highway=path, bicycle=yes",0.0942295326591717,Reino Baptista,52631670.0
"highway=path, bicycle=yes",0.06411752068229305,Reino Baptista,52654384.0
"highway=track, bicycle=yes",0.18461601788547563,romaosl,43383824.0
"highway=track, bicycle=yes",0.2142132633468201,Reino Baptista,52733677.0
highway=path,0.09674068737520254,osm-qa,52289514.0
highway=path,0.17826671392260607,osm-qa,49471932.0
"highway=track, bicycle=yes",0.2232121824880406,romaosl,43380301.0
highway=path,0.12313448998604655,Reino Baptista,52647347.0
highway=track,0.18301443985363242,Reino Baptista,52655951.0
highway=path,0.2831929761522403,Reino Baptista,53576660.0
highway=path,0.05109843235011594,Reino Baptista,52655951.0
highway=path,0.04255075018453816,Reino Baptista,47445073.0
"highway=track, bicycle=yes",0.3668584191592207,Reino Baptista,52617536.0
"highway=path, bicycle=yes",0.15143351243974196,user_1626942,40658789.0
gone (deleted or outside the park),0.03853498959411623,,
highway=path,0.2053433332449404,Reino Baptista,47437525.0
"highway=path, bicycle=yes",0.5618158979599899,Reino Baptista,49725749.0
highway=path,0.060465293763383235,Reino Baptista,52648486.0
gone (deleted or outside the park),1.7658371653612657,,
"highway=path, bicycle=yes",0.010428456835680156,romaosl,47661416.0
"highway=track, bicycle=yes",0.5096281882350513,Reino Baptista,52734135.0
"highway=path, bicycle=yes",0.007440795668970626,Reino Baptista,49742046.0
highway=path,0.07331158833307977,Reino Baptista,52651563.0
highway=track,0.24951115760485265,Reino Baptista,49726306.0
highway=path,0.11251285131692264,Reino Baptista,52617536.0
highway=track,0.5535160801566124,Reino Baptista,52734068.0
highway=path,0.07760141719198677,Reino Baptista,52630431.0
gone (deleted or outside the park),0.007569906297376231,,
"highway=path, bicycle=designated",0.7543083446417521,Reino Baptista,52647347.0
highway=path,0.3474264242404485,Reino Baptista,49832237.0
highway=path,0.014514576768294101,romaosl,43380301.0
highway=path,0.06353842274527491,Reino Baptista,52734068.0
highway=path,0.15062882024453916,Reino Baptista,47437525.0
gone (deleted or outside the park),0.08607983699047782,,
highway=path,0.19552158332235745,Reino Baptista,49192678.0
highway=path,0.08741972844755778,Reino Baptista,52603359.0
"highway=path, bicycle=yes",0.10592615240742885,osm-qa,52289514.0
highway=path,0.17578000868893992,Reino Baptista,52651563.0
"highway=track, bicycle=yes",0.015961078036001407,Reino Baptista,52603359.0
gone (deleted or outside the park),0.2723156125097246,,
"highway=path, bicycle=yes",0.011751846879257727,Reino Baptista,52600908.0
"highway=path, bicycle=yes",0.11001980953148982,Reino Baptista,52617536.0
highway=path,0.1318440903704671,osm-qa,52289514.0
"highway=path, bicycle=yes",0.024712016013712174,Reino Baptista,47437525.0
"highway=path, bicycle=yes",0.07346374189839378,Reino Baptista,52504307.0
highway=path,0.01393098245826885,Reino Baptista,47437525.0
"highway=track, bicycle=yes",0.11304834672012075,romaosl,48340458.0
highway=path,0.08891659318304386,Reino Baptista,47437525.0
highway=path,0.10330986235640603,Reino Baptista,52648486.0
highway=track,0.07883680868841123,Reino Baptista,52655951.0
highway=path,0.07937078394917577,romaosl,43469005.0
highway=path,0.1956247426694687,romaosl,47521767.0
gone (deleted or outside the park),0.09493963730245514,,
highway=path,0.07387867283371798,Reino Baptista,47437525.0
highway=path,0.10142190198075711,Reino Baptista,52617536.0
"highway=path, bicycle=yes",0.08688292578511504,Reino Baptista,50418069.0
"highway=track, bicycle=yes",0.2175840943294254,romaosl,43380301.0
"highway=path, bicycle=yes",0.1606234954558902,osm-qa,49471932.0
"highway=path, bicycle=yes",0.3260256873557628,Reino Baptista,49725990.0
"highway=path, bicycle=yes",0.2569591368464328,Reino Baptista,52654384.0
highway=path,0.3212439923933552,Reino Baptista,47437525.0
highway=path,0.25131473136547294,romaosl,47521767.0
highway=track,0.19679408451028443,romaosl,42538137.0
"highway=path, bicycle=yes",0.15483501783918552,Reino Baptista,52653810.0
gone (deleted or outside the park),0.006899354375142203,,
gone (deleted or outside the park),0.015679375960525845,,
"highway=path, bicycle=yes",0.32769316840189594,Reino Baptista,53576660.0
highway=path,0.15429369187796468,Reino Baptista,47437525.0
"highway=path, bicycle=yes",0.043643586967300106,Reino Baptista,47437525.0
highway=path,0.20040684551139545,romaosl,48200697.0
highway=path,0.14422269680854324,Reino Baptista,53576660.0
highway=path,0.02840308800797533,Reino Baptista,49726111.0
highway=path,0.01625589787005054,Reino Baptista,52655951.0
highway=path,0.07526660264762162,Reino Baptista,53576660.0
highway=track,0.14446369668880277,romaosl,48340458.0
"highway=cycleway, bicycle=yes",0.7609219178674854,Reino Baptista,53200571.0
"highway=path, bicycle=yes",0.07644656763742946,Reino Baptista,53576660.0
"highway=path, bicycle=yes",0.07188654244391388,Reino Baptista,52733677.0
highway=path,0.30284407253040907,Reino Baptista,49795704.0
"highway=track, bicycle=yes",0.1793016637319931,Reino Baptista,50462042.0
"highway=track, bicycle=yes",0.14638403508758183,Reino Baptista,52632107.0
"highway=path, bicycle=yes",0.24011864972723185,Reino Baptista,52617980.0
"highway=path, bicycle=yes",0.256209837854871,Reino Baptista,53837817.0
"highway=path, bicycle=yes",0.23373636964245773,Reino Baptista,53837817.0
"highway=path, bicycle=yes",0.08488544052395325,Reino Baptista,52733677.0
"highway=path, bicycle=yes",0.46237081801859253,Reino Baptista,52630431.0
"highway=track, bicycle=yes",0.22631972297476782,Reino Baptista,52733677.0
highway=path,0.09189004358403832,Reino Baptista,47437525.0
highway=path,0.39571911764854634,Reino Baptista,52617536.0
highway=path,0.37742879269260493,Reino Baptista,53576660.0
"highway=path, bicycle=yes",0.04939722772140844,user_1626942,40568568.0
"highway=path, bicycle=yes",0.07027307271780171,user_1626942,40658789.0
highway=path,0.03863219931720757,romaosl,43380301.0
"highway=path, bicycle=designated",0.04563957747165175,Reino Baptista,53200571.0
highway=cycleway,0.05424759064889472,Josef K,40044048.0
highway=path,0.16292717881169386,Reino Baptista,52631846.0
"highway=track, bicycle=yes",0.12289199810358908,romaosl,43465763.0
"highway=path, bicycle=yes",0.07854875852801223,Reino Baptista,47437525.0
gone (deleted or outside the park),0.04504454546294431,,
"highway=track, bicycle=yes",0.031211982261328326,Reino Baptista,52603359.0
highway=track,0.18127345047509802,romaosl,43380301.0
"highway=path, bicycle=yes",0.12903112924257568,Reino Baptista,53837817.0
"highway=path, bicycle=yes",0.05381848183234964,osm-qa,52289514.0
gone (deleted or outside the park),0.03194549732680679,,
highway=path,0.041733968517933005,Reino Baptista,47437525.0
highway=path,0.1515213985233718,romaosl,43380301.0
highway=path,0.07734044730025053,Reino Baptista,49726111.0
highway=path,0.15207762108586653,osm-qa,52289514.0
"highway=path, bicycle=yes",0.09688972883633332,Reino Baptista,47437525.0
"highway=path, bicycle=yes",0.01721468412173383,Josef K,53755691.0
"highway=path, bicycle=yes",0.02282082894185212,Josef K,53755691.0
"highway=path, bicycle=yes",0.25794669065992726,rfragoso,50212059.0
"highway=path, bicycle=yes",0.06839481644232913,Reino Baptista,47437525.0
highway=path,0.10341268961676836,Reino Baptista,52655951.0
"highway=track, bicycle=yes",1.3831728034002462,Reino Baptista,53576660.0
highway=track,0.23441886942232373,Reino Baptista,53576660.0
"highway=path, bicycle=yes",0.07695371494415756,Reino Baptista,52632107.0
"highway=path, bicycle=yes",0.03374134601046938,Reino Baptista,52733677.0
gone (deleted or outside the park),2.018922649467654,,
highway=track,0.019763862520742605,Reino Baptista,49725153.0
"highway=track, bicycle=yes",0.18962024431398758,Reino Baptista,52631670.0
highway=path,0.07717563419479852,osm-qa,49471977.0
highway=path,0.07217511596777358,user_1626942,40549692.0
highway=path,0.1587410502362239,Reino Baptista,52600222.0
"highway=track, bicycle=yes",0.3766347065209654,Reino Baptista,52651563.0
highway=track,0.12770581554288687,romaosl,47521767.0
gone (deleted or outside the park),0.2417631887145974,,
"highway=path, bicycle=yes",0.11208521451624791,Reino Baptista,52630431.0
highway=path,0.14051422840240615,Reino Baptista,52648768.0
"highway=track, bicycle=yes",0.20179686639572356,Reino Baptista,52655951.0
"highway=path, bicycle=yes",0.08120704230055982,osm-qa,52289514.0
"highway=track, bicycle=yes",0.23959882004050898,romaosl,42538137.0
highway=path,0.04646647468571607,romaosl,43469005.0
highway=path,0.029875577657171724,Reino Baptista,52567991.0
highway=track,0.7740429212184777,Reino Baptista,53576660.0
highway=track,0.2656318365136636,Reino Baptista,52600222.0
highway=path,0.0065692693687606045,romaosl,43380301.0
highway=steps,0.01451730612365416,romaosl,54837587.0
highway=cycleway,0.05792010303605752,Reino Baptista,52632107.0
"highway=path, bicycle=yes",0.09098484483492092,Reino Baptista,53576660.0
"highway=path, bicycle=yes",0.08988431800402964,osm-qa,52289514.0
highway=track,0.04335462770708705,Reino Baptista,47424084.0
"highway=path, bicycle=yes",0.06726541878223495,Reino Baptista,52733677.0
highway=path,0.09441453126596923,Reino Baptista,52648768.0
"highway=path, bicycle=yes",0.13715774080771384,Reino Baptista,52617536.0
"highway=path, bicycle=yes",0.4579045408240139,Reino Baptista,53185098.0
"highway=track, bicycle=yes",0.32349360253651366,Reino Baptista,52504307.0
highway=path,0.5078654924206993,osm-qa,52289514.0
highway=path,0.021397009226971932,Reino Baptista,52603359.0
"highway=track, bicycle=yes",0.1877039702648607,Reino Baptista,52734068.0
"highway=track, bicycle=yes",0.11823143229109073,Reino Baptista,50471127.0
highway=cycleway,0.059108914783889306,Reino Baptista,52632107.0
"highway=track, bicycle=yes",0.008994363512554395,Reino Baptista,52603359.0
highway=track,0.10150619646797035,Reino Baptista,52654384.0
"highway=path, bicycle=yes",0.08227366452466864,Reino Baptista,52600908.0
highway=path,0.067255949002672,Reino Baptista,50466155.0
highway=path,0.1265766967691844,Reino Baptista,53576660.0
"highway=path, bicycle=yes",0.03366677080648995,Reino Baptista,47437525.0
"highway=track, bicycle=yes",0.08267968997113698,romaosl,47521767.0
highway=track,0.27566993664021633,meloy,45438878.0
highway=cycleway,0.08167795716258726,Josef K,40170107.0
"highway=track, bicycle=yes",0.1466839542453218,Reino Baptista,52733677.0
highway=path,0.08280300747168255,Reino Baptista,52733677.0
highway=path,0.28209211079600827,Reino Baptista,52655951.0
highway=path,0.07585053537137836,Reino Baptista,52568634.0
"highway=track, bicycle=yes",0.1758393517496748,Reino Baptista,53837817.0
highway=path,0.07869964281241826,Reino Baptista,52648486.0
highway=path,0.01779787451953936,Reino Baptista,53837632.0
highway=path,0.213484329837114,osm-qa,52289514.0
highway=track,0.4626281871135122,Reino Baptista,52504307.0
"highway=path, bicycle=yes",0.20398948635622471,Reino Baptista,47437525.0
"highway=path, bicycle=yes",0.15496388858575277,romaosl,43380301.0
highway=path,0.25481029458033055,Reino Baptista,52617536.0
highway=track,0.3424986468884691,romaosl,54837587.0
"highway=track, bicycle=yes",0.1509245349299239,Reino Baptista,52504307.0
"highway=track, bicycle=yes",0.29576751887355107,Reino Baptista,52651563.0
gone (deleted or outside the park),0.1150750299628329,,
"highway=path, bicycle=yes",2.528855480991352,Reino Baptista,52632136.0
highway=path,0.1507376145003039,Reino Baptista,49795704.0
highway=path,0.15081098840401583,osm-qa,49471932.0
highway=path,0.09062770884354675,Reino Baptista,52617755.0
"highway=track, bicycle=yes",0.18564126703903935,Reino Baptista,49725749.0
highway=path,0.09876986869294777,Reino Baptista,47437525.0
highway=path,0.07617843752783329,Reino Baptista,50418069.0
highway=path,0.13990512545757855,Reino Baptista,52632107.0
highway=track,0.31924536712237805,Reino Baptista,52656868.0
highway=track,0.27376916809619223,romaosl,48200606.0
"highway=cycleway, bicycle=yes",0.08924240085895194,Reino Baptista,53200571.0
highway=path,0.02070033092558567,romaosl,43380301.0
highway=path,0.02152016050206317,romaosl,43383824.0
"highway=path, bicycle=yes",0.0755946493432948,romaosl,43383824.0
highway=path,0.058459611701680105,Reino Baptista,47437525.0
gone (deleted or outside the park),0.034588359374817176,,
highway=path,0.11556019413760567,Reino Baptista,53837632.0
"highway=path, bicycle=yes",0.0808823531939378,Reino Baptista,52629354.0
highway=cycleway,1.867188611000635,Josef K,53746947.0
highway=path,0.07787496451503964,Reino Baptista,52617536.0
highway=path,0.25754615711993556,Reino Baptista,47437525.0
"highway=path, bicycle=yes",0.07014776367242478,user_1626942,40568568.0
"highway=path, bicycle=yes",0.15486523498641586,Reino Baptista,53184564.0
"highway=steps, bicycle=yes",0.014598701319310283,Reino Baptista,53184564.0
highway=path,0.13175006639126857,romaosl,43383824.0
highway=path,0.028953859811062545,Reino Baptista,47437525.0
highway=track,0.11401533351991802,Reino Baptista,52603649.0
highway=path,0.41380310682524135,Josef K,50270725.0
highway=path,0.11284327726188742,Reino Baptista,52733677.0
gone (deleted or outside the park),0.0630383665776359,,
highway=cycleway,0.1506814600441794,Reino Baptista,53576660.0
"highway=track, bicycle=yes",0.2925494898773788,Reino Baptista,53837817.0
highway=path,0.031745462345824246,osm-qa,49471932.0
highway=track,0.3718485053217371,Reino Baptista,49831864.0
"highway=path, bicycle=yes",0.1467305644740879,Reino Baptista,52648486.0
highway=track,0.01983451521067195,Reino Baptista,52648486.0
highway=track,0.1258337448553129,Reino Baptista,52648486.0
"highway=track, bicycle=yes",0.20187984771831863,romaosl,43383824.0
"highway=track, bicycle=yes",0.6985013034941822,Reino Baptista,53179570.0
highway=path,0.16620952307613718,Reino Baptista,52655951.0
"highway=track, bicycle=yes",0.14611748137704442,Reino Baptista,52651563.0
"highway=path, bicycle=yes",0.06629603241147913,Reino Baptista,47437525.0
highway=track,0.10531356998813927,Reino Baptista,52733677.0
highway=path,0.051371465052939505,Reino Baptista,47437525.0
highway=path,0.01813832380144284,Reino Baptista,49725990.0
highway=path,0.3790127422863567,Reino Baptista,52617536.0
highway=path,0.01791344803022413,Reino Baptista,53837684.0
"highway=track, bicycle=yes",0.39407510196783324,Reino Baptista,52649064.0
highway=path,0.07453284919531114,osm-qa,49471932.0
highway=path,0.02866253610444811,Reino Baptista,53576660.0
highway=path,0.06182298146585941,Reino Baptista,52648486.0
highway=path,0.2445877542404541,romaosl,43380301.0
"highway=track, bicycle=yes",0.26155229411341746,Reino Baptista,53184564.0
gone (deleted or outside the park),0.8987595361322003,,
"highway=path, bicycle=yes",0.5652554699029231,Reino Baptista,52629337.0
"highway=track, bicycle=yes",0.016313837837570875,Reino Baptista,52648768.0
highway=cycleway,0.023989394439339836,Josef K,40044048.0
gone (deleted or outside the park),0.19384974550924464,,
highway=path,0.17650520365030364,Reino Baptista,52631846.0
highway=cycleway,0.01624989150088333,Josef K,40170107.0
"highway=path, bicycle=yes",0.19992538281635822,RichRico,50439858.0
"highway=path, bicycle=yes",0.09775635927507807,Reino Baptista,47437525.0
"highway=path, bicycle=yes",0.14078828979592434,Reino Baptista,47437525.0
"highway=track, bicycle=yes",0.20512184454020269,romaosl,43383824.0
"highway=path, bicycle=yes",0.04731011261139729,Reino Baptista,47437525.0
highway=path,0.04247735592637298,user_1626942,40549692.0
highway=track,0.12559181965084754,Reino Baptista,52647347.0
"highway=track, bicycle=yes",0.4443429341512657,Reino Baptista,52630431.0
"highway=path, bicycle=yes",0.051719107445103926,romaosl,54837587.0
"highway=path, bicycle=yes",0.0681643791012813,Reino Baptista,52600908.0
highway=path,0.34681274837522724,Reino Baptista,52631670.0
highway=cycleway,0.12130928527688106,Reino Baptista,53576660.0
highway=path,0.0534221816979079,Reino Baptista,49726306.0
gone (deleted or outside the park),0.24382622795166786,,
highway=path,0.01802567612007701,romaosl,54837587.0
highway=path,0.32921794735711624,Reino Baptista,52647347.0
"highway=track, bicycle=designated",0.5321820872007407,Reino Baptista,52630431.0
gone (deleted or outside the park),0.11746508575647108,,
"highway=path, bicycle=yes",0.03477563081460892,romaosl,43469005.0
highway=path,0.29103252085239256,Reino Baptista,52654384.0
"highway=path, bicycle=yes",0.07009082724287018,Reino Baptista,47437525.0
"highway=track, bicycle=yes",0.16625691234943848,romaosl,43465763.0
"highway=path, bicycle=yes",0.06158038773383519,Reino Baptista,52653810.0
"highway=path, bicycle=yes",0.1200797943581909,Reino Baptista,52603359.0
"highway=path, bicycle=yes",0.08783734122189964,romaosl,48200606.0
highway=cycleway,0.040554385511115766,Reino Baptista,49725153.0
highway=track,0.3752393369472582,Josef K,53755691.0
highway=path,0.22715822542831127,Reino Baptista,52630431.0
"highway=track, bicycle=yes",0.144364067607562,Reino Baptista,40096138.0
highway=path,0.07061887901414735,Reino Baptista,47437525.0
highway=path,0.14197525380424034,Reino Baptista,49726306.0
highway=track,0.09541870493376547,Reino Baptista,51753889.0
highway=path,0.029153811132756238,Reino Baptista,47420079.0
highway=path,0.2602182251569951,Reino Baptista,52733677.0
highway=path,0.07201503187829071,Reino Baptista,53179570.0
"highway=track, bicycle=yes",0.2743706805319367,Reino Baptista,52631670.0
"highway=path, bicycle=yes",0.2220495719280165,osm-qa,53197997.0
"highway=path, bicycle=yes",0.7028019754423103,Reino Baptista,52653810.0
"highway=path, bicycle=yes",0.01287568719364158,Reino Baptista,52603649.0
highway=track,0.17329074894280128,Reino Baptista,40096138.0
highway=path,0.019098014271404666,romaosl,43380301.0
"highway=path, bicycle=yes",0.07025630262585357,Reino Baptista,52631670.0
highway=path,0.09404984948046285,user_1626942,42494621.0
highway=path,0.08371336970781991,osm-qa,52289514.0
highway=path,0.041940071052653814,romaosl,43380301.0
gone (deleted or outside the park),0.4038264129733699,,
highway=path,0.10216521372468781,Reino Baptista,52603359.0
highway=path,0.10796938534571186,Reino Baptista,52648486.0
highway=cycleway,0.03415204676498875,rfragoso,50212579.0
"highway=path, bicycle=yes",0.034996801352983824,Reino Baptista,52631670.0
highway=path,0.19166161898856413,Reino Baptista,47437525.0
highway=path,0.0952177813754665,Reino Baptista,47437525.0
highway=path,0.08834207082816131,Reino Baptista,52733677.0
gone (deleted or outside the park),0.051044266393089906,,
gone (deleted or outside the park),0.17830430673631542,,
highway=track,0.07059181059854443,romaosl,48200606.0
"highway=path, bicycle=yes",0.059598333895426035,Reino Baptista,52733677.0
"highway=service, bicycle=yes",0.031683917436943154,Reino Baptista,50462422.0
highway=track,0.465021608708181,romaosl,43383824.0
"highway=track, bicycle=yes",0.2715654083873372,Reino Baptista,52648486.0
"highway=track, bicycle=yes",0.2501760104559497,Reino Baptista,52631670.0
highway=path,0.15797942517072777,Reino Baptista,47437525.0
"highway=path, bicycle=yes",0.05922509724475251,Reino Baptista,52733677.0
gone (deleted or outside the park),0.04113110561724105,,
highway=path,0.015879169323506786,Reino Baptista,49192678.0
highway=path,0.061843897060724046,osm-qa,49471932.0
highway=path,0.1582001732253701,osm-qa,49471932.0
highway=path,0.03743309408284698,romaosl,43380301.0
highway=path,0.06954885853196072,Reino Baptista,53576660.0
"highway=path, bicycle=yes",0.06656960078019099,romaosl,43380301.0
gone (deleted or outside the park),0.023729544382938776,,
highway=path,0.16060072478758053,Reino Baptista,52617536.0
"highway=path, bicycle=yes",0.18477694262466365,Reino Baptista,53185098.0
"highway=path, bicycle=yes",0.2608359226838223,Reino Baptista,47437525.0
"highway=path, bicycle=yes",0.11106132826429187,Reino Baptista,52617888.0
highway=track,0.30950508311816466,Reino Baptista,52651563.0
highway=track,0.22359330559507515,Reino Baptista,52651563.0
highway=path,0.2804584053934784,Reino Baptista,53576660.0
"highway=path, bicycle=yes",0.10270419339951917,Reino Baptista,47437525.0
"highway=track, bicycle=yes",0.18872434435066424,Reino Baptista,53576660.0
highway=track,0.47869616388226505,Reino Baptista,52647347.0
highway=path,0.04967553622364244,romaosl,43469005.0
highway=track,0.41878918846403046,Reino Baptista,52651563.0
highway=path,0.053475244879815434,Reino Baptista,47437525.0
highway=path,0.11383968502417305,Reino Baptista,52617536.0
highway=track,0.2502874786220128,Reino Baptista,52648486.0
highway=cycleway,0.07621654966259866,Reino Baptista,53576660.0
"highway=track, bicycle=yes",0.5316082284673935,Reino Baptista,52655951.0
"highway=path, bicycle=yes",0.02622065891818656,romaosl,43380301.0
"highway=path, bicycle=yes",0.044389528775579265,Reino Baptista,47437525.0
highway=track,0.007677964407449781,Reino Baptista,52648486.0
gone (deleted or outside the park),0.671742132234093,,
"highway=track, bicycle=yes",0.8997674930839559,Reino Baptista,52504563.0
highway=path,0.643713316501519,Reino Baptista,52651563.0
gone (deleted or outside the park),0.411282645284391,,
"highway=path, bicycle=yes",0.2886548572348652,Reino Baptista,49192678.0
"highway=path, bicycle=yes",0.1703644365152918,rfragoso,50089729.0
"highway=track, bicycle=yes",0.09238366223200348,Reino Baptista,52630431.0
highway=path,0.11861415888715911,Reino Baptista,47437525.0
highway=path,0.07014600868185525,Reino Baptista,47437525.0
highway=track,0.13824299555353406,Reino Baptista,52651563.0
highway=track,0.22416567694583073,Reino Baptista,52630963.0
"highway=path, bicycle=yes",0.09210903239419077,Reino Baptista,50465837.0
highway=path,0.18401223346112644,Reino Baptista,52733677.0
highway=path,0.036085205109580916,Reino Baptista,47437525.0
highway=path,0.052893813258416494,romaosl,47521767.0
highway=track,0.32304577256202144,Reino Baptista,52617536.0
"highway=track, bicycle=yes",0.6547673212756525,Reino Baptista,50462705.0
"highway=track, bicycle=yes",0.10299479211082141,Reino Baptista,50462042.0
gone (deleted or outside the park),0.0627909496774548,,
highway=track,0.07410953606256518,Reino Baptista,47424084.0
"highway=path, bicycle=yes",0.01754357708382758,Reino Baptista,52603359.0
gone (deleted or outside the park),0.014723784487369726,,
"highway=path, bicycle=yes",0.06613626473469944,Reino Baptista,47437525.0
highway=path,0.16556946140944218,Reino Baptista,52632107.0
highway=path,0.2550803090513432,romaosl,47641112.0
highway=path,0.08115952766476417,user_1626942,40568568.0
highway=path,0.04774113897150325,Reino Baptista,52651563.0
highway=path,0.18111497902690038,osm-qa,49471932.0
highway=track,0.06846601158863248,Reino Baptista,40096138.0
highway=path,0.31267776319272106,Reino Baptista,52617755.0
highway=track,0.21617111882262072,Reino Baptista,52630963.0
highway=cycleway,0.06269141606953194,Josef K,40170107.0
highway=track,0.5444333581134737,Reino Baptista,40096138.0
highway=cycleway,0.18072229281400576,rfragoso,50089729.0
highway=path,0.07562880422157428,Reino Baptista,47437525.0
highway=track,0.1894975916141139,Reino Baptista,52649064.0
"highway=track, bicycle=yes",0.2535349673918665,Reino Baptista,52617536.0
"highway=path, bicycle=yes",0.07484414354542045,Reino Baptista,50462705.0
"highway=track, bicycle=yes",0.739275443782822,Reino Baptista,52656435.0
highway=path,0.07903562510243044,Reino Baptista,52734068.0
"highway=path, bicycle=yes",0.045132985944349814,Reino Baptista,52734068.0
highway=path,0.06291590413882876,Reino Baptista,47437525.0
highway=path,0.11824103497381208,romaosl,48200697.0
highway=path,0.3244771511615676,Josef K,50270725.0
gone (deleted or outside the park),0.16350563372173627,,
"highway=path, bicycle=yes",0.04616723011408894,Reino Baptista,52733677.0
highway=path,0.09118471709956105,user_1626942,40568568.0
gone (deleted or outside the park),0.034396567495638075,,
highway=path,0.08207996753088116,Reino Baptista,53576660.0
"highway=path, bicycle=yes",0.18077040363496227,Reino Baptista,52630431.0
highway=path,0.10418914080417926,Reino Baptista,49726111.0
"highway=track, bicycle=yes",0.007480940610155181,romaosl,42538137.0
"highway=track, bicycle=yes",0.40406737447542296,Reino Baptista,52617536.0
"highway=track, bicycle=yes",0.1632287553835187,Reino Baptista,49725749.0
"highway=path, bicycle=yes",0.2414990608451585,Reino Baptista,47437525.0
highway=path,0.39021210923277566,Reino Baptista,49725990.0
highway=track,0.008674088397175058,Reino Baptista,52648486.0
highway=path,0.09777700886343317,osm-qa,52289514.0
highway=path,0.03927659666621106,Reino Baptista,52630431.0
highway=path,0.2637992891768618,Reino Baptista,53837632.0
highway=path,0.12222140560111601,Reino Baptista,52733677.0
"highway=track, bicycle=yes",0.1145182542870466,Reino Baptista,52603649.0
highway=path,0.18465230216191103,Reino Baptista,52733677.0
highway=path,0.06644726356922326,romaosl,43380301.0
highway=path,0.05835392878107183,Reino Baptista,53576660.0
highway=path,0.15312846898162535,Reino Baptista,49464194.0
"highway=path, bicycle=yes",0.1900372448717379,osm-qa,52289514.0
highway=path,0.09003484507146904,Reino Baptista,52733677.0
highway=path,0.13498746615710794,Reino Baptista,52647347.0
"highway=track, bicycle=yes",0.11388031933107676,Reino Baptista,40096138.0
highway=path,0.08777868315329675,Reino Baptista,52655951.0
highway=path,0.10383141843611744,Reino Baptista,47437525.0
highway=track,0.062061808830475455,Reino Baptista,49726306.0
"highway=path, bicycle=yes",0.11268421600998808,romaosl,43383824.0
highway=path,0.29603822256211315,Reino Baptista,52648486.0
"highway=track, bicycle=yes",0.9918087290197826,Reino Baptista,49726550.0
highway=cycleway,0.09382469214310817,Josef K,40170107.0
highway=path,0.10103951727278662,Reino Baptista,52631670.0
"highway=track, bicycle=yes",0.17961364021833442,Reino Baptista,40096138.0
"highway=track, bicycle=yes",1.402550538496946,Reino Baptista,52750683.0
"highway=path, bicycle=yes",0.05068269259270638,Reino Baptista,50462678.0
"highway=path, bicycle=yes",0.12770711956354927,Reino Baptista,52568944.0
"highway=track, bicycle=yes",0.17072461030566838,Reino Baptista,50462042.0
"highway=track, bicycle=yes",0.050928227985872924,Reino Baptista,49727739.0
gone (deleted or outside the park),0.009733951081962428,,
"highway=track, bicycle=yes",0.5935143698575774,Reino Baptista,53576660.0
gone (deleted or outside the park),0.0492331542508765,,
"highway=track, bicycle=yes",0.09068369656995842,Reino Baptista,52733677.0
"highway=track, bicycle=yes",0.20479869183345287,romaosl,42538137.0
"highway=path, bicycle=yes",0.11166131862501057,user_1626942,40658789.0
"highway=path, bicycle=designated",2.2125005471849186,Reino Baptista,52651563.0
highway=path,0.08949307573599989,Reino Baptista,52649064.0
highway=path,0.12019216159398394,Reino Baptista,52733677.0
highway=path,0.2810331261600952,osm-qa,52289514.0
"highway=track, bicycle=yes",0.020847784273324094,Reino Baptista,52656868.0
highway=path,0.4513838031423132,Reino Baptista,52617536.0
"highway=track, bicycle=yes",0.6612454570228976,Reino Baptista,52733677.0
highway=path,0.295551200222551,Reino Baptista,52630431.0
highway=path,0.06435097438845014,romaosl,47661416.0
highway=path,0.10113547938838943,Reino Baptista,52734135.0
highway=path,0.026867320098250557,Reino Baptista,47437525.0
highway=path,0.14846883104462702,Reino Baptista,52733677.0
highway=path,0.0489567392672497,romaosl,43469005.0
highway=track,0.2622690529917718,Reino Baptista,52617536.0
"highway=path, bicycle=yes",0.724583849876334,Reino Baptista,52617888.0
highway=path,0.03534586823682735,romaosl,54837587.0
highway=path,0.07193445310823754,Reino Baptista,49795704.0
highway=track,0.04029894844048767,Reino Baptista,52630963.0
"highway=path, bicycle=yes",0.1167139182413145,osm-qa,52289514.0
highway=path,0.0057054406375544155,Reino Baptista,47437525.0
highway=path,0.22843699084198502,Reino Baptista,52734163.0
highway=path,0.23362128559943157,Reino Baptista,47437525.0
highway=path,0.06360158444291655,romaosl,43469005.0
highway=path,0.21355909451021488,user_1626942,40658789.0
highway=path,0.06939978956455294,Reino Baptista,47437525.0
highway=path,0.013975683260648068,romaosl,43380301.0
"highway=track, bicycle=yes",0.2161816515578499,Reino Baptista,52617755.0
gone (deleted or outside the park),0.32778750689998093,,
"highway=track, bicycle=yes",0.21715495460904838,Reino Baptista,49726550.0
highway=track,0.4078398688393157,Reino Baptista,52733677.0
highway=track,0.07702284888206196,Reino Baptista,52651563.0
gone (deleted or outside the park),0.06880510951276864,,
highway=track,0.03504355811643104,romaosl,54837587.0
"highway=path, bicycle=yes",0.061850287740857025,Reino Baptista,52630431.0
highway=path,0.0733880880770296,osm-qa,49471932.0
highway=path,0.15042721193880623,Reino Baptista,52655951.0
"highway=track, bicycle=yes",0.24528758063401646,Reino Baptista,52653810.0
highway=path,0.10258414483415042,Reino Baptista,52631846.0
highway=path,0.11751727868118923,Reino Baptista,52504563.0
highway=path,0.2869250301310107,Reino Baptista,52654384.0
highway=path,0.010904188648426587,Reino Baptista,53837684.0
highway=path,0.2693057517723496,osm-qa,52289514.0
highway=path,0.0995262600608104,Reino Baptista,49726306.0
highway=path,0.04984148926028109,Reino Baptista,47437525.0
highway=track,0.2204421459383859,Reino Baptista,52648768.0
"highway=track, bicycle=yes",0.1312128598080861,Reino Baptista,50471127.0
"highway=track, bicycle=yes",0.31648604586894,Reino Baptista,52630963.0
"highway=path, bicycle=yes",0.19837713389297315,Reino Baptista,47437525.0
"highway=steps, bicycle=yes",0.005950736593589252,Reino Baptista,49742046.0
"highway=path, bicycle=yes",0.31509300456844574,Reino Baptista,52629337.0
gone (deleted or outside the park),0.3256400653515543,,
"highway=track, bicycle=yes",0.22452821453230598,Reino Baptista,52654288.0
highway=path,0.014473536262070997,romaosl,43380301.0
gone (deleted or outside the park),0.33082268165924605,,
highway=path,0.10429241942483607,Reino Baptista,53576660.0
highway=path,0.06246853297451197,Reino Baptista,47437525.0
