timestamp,sep_paths_twoway,sep_paths_oneway,shared_paths_twoway,shared_paths_oneway,road_with_track,road_with_lane,diag_cycleway_all,diag_paths_bike_designated,diag_paths_bike_yes,base_nonmotor_ways,base_roads_all
2010-01-01T00:00:00Z,0,0,0,0,0,0,0,0,0,7051,77472
2011-01-01T00:00:00Z,0,0,2024,0,0,0,0,2024,714,14165,85099
2012-01-01T00:00:00Z,2773,0,2024,0,0,0,2773,2024,221,16481,86287
2013-01-01T00:00:00Z,70732,0,1349,0,0,2,72081,0,4252,80941,98059
2014-01-01T00:00:00Z,87231,0,1291,0,0,2,88522,0,3164,99543,100097
2015-01-01T00:00:00Z,95183,0,1291,0,0,2,96474,0,3481,108067,100017
2016-01-01T00:00:00Z,97584,0,2254,0,0,2,98870,967,5361,112630,101863
2017-01-01T00:00:00Z,13159,0,1726,0,0,0,13164,1722,23865,120498,97509
2018-01-01T00:00:00Z,6067,0,859,0,0,0,3862,3064,23058,124465,99288
2019-01-01T00:00:00Z,6014,0,859,0,0,0,4378,2495,23403,128247,102513
2020-01-01T00:00:00Z,5981,0,859,0,0,0,4347,2493,24314,132515,102888
2021-01-01T00:00:00Z,5509,0,904,0,0,0,5018,1396,24339,136599,103550
2022-01-01T00:00:00Z,6170,0,1252,0,0,0,5989,1433,23100,140916,103817
2023-01-01T00:00:00Z,6148,0,494,0,0,0,5975,668,27542,140605,105644
2024-01-01T00:00:00Z,5988,0,494,0,0,0,5815,668,40042,143074,105895
2025-01-01T00:00:00Z,5988,0,494,0,1110,0,5815,667,40044,143932,105859
2026-01-01T00:00:00Z,5987,0,494,0,1110,0,5814,667,39861,144923,105662
2026-10-04T00:00:00Z,6092,0,494,0,1970,0,5918,668,39868,147138,105078
