method_version,slug,name,city,country,park_area_km2,road_km,main_road_km,osm_data_date,separated_km,shared_km,painted_km,advisory_km,sharrow_km,dedicated_km,ecf_ratio_main_roads_pct,status,park_holes_km2,buildings_km2,buildings_pct,buildings_count,buildings_top_types,separated_per_road_km,dedicated_per_road_km,separated_km_per_km2
3,001-tainan-taijiang-national-park,Taijiang National Park,Tainan,Taiwan,368.442,54.27,5.96,2026-09-28,1.09,0.96,0.0,0.0,0.0,2.05,34.4,ok,,,,,,,,
3,002-gatineau-gatineau-park,Gatineau Park,Gatineau,Canada,363.373,135.32,74.89,2026-09-28,0.67,140.25,3.18,0.0,0.0,144.1,192.4,ok,,,,,,,,
3,003-paris-forest-of-fontainebleau,Forest of Fontainebleau,Paris,France,195.458,156.15,115.9,2026-09-28,0.36,8.2,7.51,0.0,0.23,16.07,13.9,ok,2.6527,0.084,0.04,873.0,"yes 0.067 km², house 0.008 km², bunker 0.003 km², service 0.003 km², apartments 0.001 km²",0.002,0.103,0.002
3,004-cape-town-table-mountain-national-park,Table Mountain National Park,Cape Town,South Africa,249.914,114.59,48.29,2026-09-28,0.73,14.12,0.0,0.0,0.0,14.85,30.8,ok,,,,,,,,
3,005-paris-forest-of-rambouillet,Forest of Rambouillet,Paris,France,249.18,176.54,86.65,2026-09-28,21.83,18.76,3.79,0.0,0.0,44.38,51.2,ok,4.2587,0.2312,0.09,2117.0,"yes 0.226 km², house 0.002 km², riding_hall 0.002 km², stable 0.001 km², church 0.000 km²",0.124,0.251,0.088
3,006-islamabad-margalla-hills-national-park,Margalla Hills National Park,Islamabad,Pakistan,86.018,42.39,30.26,2026-09-28,0.0,3.26,0.0,0.0,0.0,3.26,10.8,ok,,,,,,,,
3,007-rio-de-janeiro-pedra-branca-state-park,Pedra Branca State Park,Rio de Janeiro,Brazil,128.711,28.91,5.59,2026-09-28,0.0,0.0,0.0,0.0,0.0,0.0,0.0,ok,,,,,,,,
3,008-scottsdale-mcdowell-sonoran-preserve,McDowell Sonoran Preserve,Scottsdale,United States,133.843,29.67,11.05,2026-09-28,0.0,4.02,8.72,0.0,0.0,12.74,115.3,ok,,,,,,,,
3,009-moscow-losiny-ostrov-national-park,Losiny Ostrov National Park,Moscow,Russia,124.761,150.1,33.55,2026-09-27,0.0,5.05,2.26,0.0,0.0,7.31,21.8,ok,0.0,0.4735,0.38,1558.0,"yes 0.226 km², detached 0.079 km², greenhouse 0.060 km², construction 0.026 km², hospital 0.022 km²",0.0,0.049,0.0
3,010-taipei-yangmingshan-national-park,Yangmingshan National Park,Taipei,Taiwan,113.349,209.24,69.54,2026-09-28,0.0,0.0,0.0,0.0,0.0,0.0,0.0,ok,,,,,,,,
3,011-el-paso-franklin-mountains-state-park,Franklin Mountains State Park,El Paso,United States,109.992,5.51,0.0,2026-09-28,1.41,0.0,0.0,0.0,0.0,1.41,,ok,,,,,,,,
3,012-new-orleans-bayou-sauvage-national-wildlife-refuge,Bayou Sauvage National Wildlife Refuge,New Orleans,United States,109.123,24.35,18.4,2026-09-28,0.0,0.0,0.0,0.0,0.0,0.0,0.0,ok,,,,,,,,
3,013-seoul-bukhansan-national-park,Bukhansan National Park,Seoul,South Korea,76.756,50.76,13.74,2026-09-28,0.09,0.89,0.0,0.0,0.0,0.98,7.1,ok,,,,,,,,
3,014-sao-paulo-cantareira-state-park,Cantareira State Park,São Paulo,Brazil,75.838,39.2,19.28,2026-09-28,0.0,0.0,0.0,0.0,0.0,0.0,0.0,ok,,,,,,,,
3,015-toronto-rouge-national-urban-park,Rouge National Urban Park,Toronto,Canada,78.544,115.05,62.68,2026-09-28,0.72,8.8,0.82,0.0,0.0,10.34,16.5,ok,,,,,,,,
3,016-edmonton-north-saskatchewan-river-valley-parks-system,North Saskatchewan River valley parks system,Edmonton,Canada,44.859,135.55,69.83,2026-09-27,9.48,148.33,0.15,0.0,3.97,157.96,226.2,ok,0.0,0.1968,0.44,587.0,"yes 0.110 km², service 0.021 km², commercial 0.019 km², public 0.016 km², civic 0.009 km²",0.07,1.165,0.211
3,017-phoenix-south-mountain-park,South Mountain Park,Phoenix,United States,66.741,25.3,0.0,2026-09-28,0.0,2.08,0.31,0.0,0.0,2.39,,ok,,,,,,,,
3,018-porto-serras-do-porto-park,Serras do Porto Park,Porto,Portugal,59.696,84.29,35.72,2026-09-27,0.0,0.0,0.0,0.0,0.0,0.0,0.0,ok,,,,,,,,
3,019-sydney-western-sydney-parklands,Western Sydney Parklands,Sydney,Australia,2.407,2.51,0.05,2026-09-28,0.0,7.19,0.0,0.0,0.0,7.19,14380.0,ok,,,,,,,,
3,020-lahore-changa-manga,Changa Manga,Lahore,Pakistan,52.013,31.22,14.84,2026-09-28,0.0,0.0,0.0,0.0,0.0,0.0,0.0,ok,,,,,,,,
3,021-rome-appian-way-regional-park,Appian Way Regional Park,Rome,Italy,33.058,104.0,32.76,2026-09-27,0.14,6.03,0.06,0.0,0.0,6.23,19.0,ok,0.0,0.4834,1.46,2333.0,"yes 0.408 km², greenhouse 0.023 km², ruins 0.017 km², shed 0.008 km², church 0.006 km²",0.001,0.06,0.004
3,023-san-antonio-government-canyon-state-natural-area,Government Canyon State Natural Area,San Antonio,United States,48.718,4.39,0.0,2026-09-28,0.0,42.46,0.0,0.0,0.0,42.46,,ok,,,,,,,,
3,025-rio-de-janeiro-tijuca-national-park,Tijuca National Park,Rio de Janeiro,Brazil,39.719,46.34,7.91,2026-09-28,0.0,0.0,2.67,0.0,21.5,2.67,33.8,ok,,,,,,,,
3,027-ulsan-ulsan-grand-park,Ulsan Grand Park,Ulsan,South Korea,1.037,0.19,0.0,2026-09-28,0.43,0.0,0.0,0.0,0.0,0.43,,ok,,,,,,,,
3,028-los-angeles-topanga-state-park,Topanga State Park,Los Angeles,United States,46.63,4.17,0.09,2026-09-28,0.0,0.0,0.0,0.0,0.0,0.0,0.0,ok,,,,,,,,
3,029-paris-forest-of-saint-germain-en-laye,Forest of Saint-Germain-en-Laye,Paris,France,33.976,24.23,17.48,2026-09-28,0.02,4.57,0.0,0.0,0.0,4.59,26.3,ok,0.5789,0.003,0.01,35.0,"yes 0.003 km², shed 0.000 km², detached 0.000 km²",0.001,0.189,0.001
3,030-seongnam-namhansanseong-provincial-park,Namhansanseong Provincial Park,Seongnam,South Korea,54.196,37.51,29.76,2026-09-28,0.0,0.0,0.0,0.0,0.0,0.0,0.0,ok,,,,,,,,
3,031-jacksonville-timucuan-preserve,Timucuan Preserve,Jacksonville,United States,184.152,83.5,32.15,2026-09-28,6.98,3.64,0.97,0.0,0.0,11.59,36.0,ok,,,,,,,,
3,032-houston-george-bush-park,George Bush Park,Houston,United States,32.776,28.43,19.01,2026-09-28,4.98,7.44,0.0,0.0,0.0,12.42,65.3,ok,,,,,,,,
3,033-phoenix-phoenix-sonoran-preserve,Phoenix Sonoran Preserve,Phoenix,United States,22.352,9.83,5.92,2026-09-28,0.54,1.72,0.05,0.0,0.0,2.31,39.0,ok,,,,,,,,
3,034-newport-news-newport-news-park,Newport News Park,Newport News,United States,12.855,15.08,0.06,2026-09-28,6.77,0.0,0.0,0.0,0.0,6.77,11283.3,ok,,,,,,,,
3,035-phoenix-north-mountain-and-shaw-butte-preserves,North Mountain and Shaw Butte Preserves,Phoenix,United States,6.732,1.91,0.0,2026-09-28,0.0,0.0,0.71,0.0,0.0,0.71,,ok,,,,,,,,
3,036-paris-forest-of-senart,Forest of Sénart,Paris,France,23.766,6.67,0.07,2026-09-28,0.11,5.3,0.0,0.0,0.0,5.41,7728.6,ok,0.1989,0.0025,0.01,57.0,"yes 0.002 km², ruins 0.000 km²",0.016,0.811,0.005
3,037-san-diego-mission-trails-regional-park,Mission Trails Regional Park,San Diego,United States,27.173,22.04,4.24,2026-09-28,3.52,2.33,0.64,0.0,0.8,6.49,153.1,ok,,,,,,,,
3,038-vilnius-verkiai-regional-park,Verkiai Regional Park,Vilnius,Lithuania,26.916,57.3,10.28,2026-09-28,1.31,6.47,0.0,0.0,0.0,7.78,75.7,ok,,,,,,,,
3,039-stockholm-royal-national-city-park,Royal National City Park,Stockholm,Sweden,10.683,70.27,19.72,2026-09-28,26.99,21.66,0.05,0.0,0.31,48.7,247.0,ok,,,,,,,,
3,040-louisville-jefferson-memorial-forest,Jefferson Memorial Forest,Louisville,United States,13.553,7.06,1.94,2026-09-28,0.0,0.0,0.0,0.0,0.0,0.0,0.0,ok,,,,,,,,
3,041-raleigh-william-b-umstead-state-park,William B. Umstead State Park,Raleigh,United States,22.078,10.17,0.0,2026-09-28,11.82,0.2,0.0,0.0,0.0,12.02,,ok,,,,,,,,
3,042-moscow-bitsa-park,Bitsa Park,Moscow,Russia,21.512,25.57,0.0,2026-09-27,5.39,2.28,0.92,0.0,0.0,8.59,,ok,0.0,0.1452,0.67,237.0,"yes 0.100 km², hospital 0.021 km², industrial 0.006 km², museum 0.005 km², stable 0.003 km²",0.211,0.336,0.251
3,043-paris-forest-of-montmorency,Forest of Montmorency,Paris,France,16.177,11.75,7.33,2026-09-28,0.1,0.0,0.03,0.0,0.0,0.13,1.8,ok,0.0921,0.0032,0.02,44.0,"yes 0.003 km², farm_auxiliary 0.000 km², house 0.000 km², shed 0.000 km², detached 0.000 km²",0.009,0.011,0.006
3,044-brescia-brescia-hills-park,Brescia Hills Park,Brescia,Italy,42.669,74.8,10.89,2026-09-28,3.09,7.64,0.35,0.0,0.02,11.08,101.7,ok,,,,,,,,
3,045-mexico-city-el-tepeyac-national-park,El Tepeyac National Park,Mexico City,Mexico,1.498,0.62,0.0,2026-09-28,0.0,0.0,0.0,0.0,0.0,0.0,,ok,,,,,,,,
3,046-vilnius-pavilniai-regional-park,Pavilniai Regional Park,Vilnius,Lithuania,21.725,75.66,12.87,2026-09-28,0.0,5.5,0.0,0.0,0.0,5.5,42.7,ok,,,,,,,,
3,047-honolulu-ahupua-a-o-kahana-state-park,Ahupua'a O Kahana State Park,Honolulu,United States,17.641,6.54,2.44,2026-09-28,0.0,0.0,0.0,0.0,0.0,0.0,0.0,ok,,,,,,,,
3,048-portland-forest-park,Forest Park,Portland,United States,19.512,8.18,3.55,2026-09-28,0.22,41.41,0.05,0.0,0.0,41.68,1174.1,ok,,,,,,,,
3,049-paris-forest-of-marly,Forest of Marly,Paris,France,21.08,32.25,27.1,2026-09-28,3.34,0.42,3.08,0.0,0.0,6.84,25.2,ok,0.1407,0.002,0.01,28.0,"yes 0.002 km², greenhouse 0.000 km²",0.104,0.212,0.158
3,050-indianapolis-eagle-creek-park,Eagle Creek Park,Indianapolis,United States,19.173,29.67,3.99,2026-09-28,3.74,3.24,0.82,0.0,0.0,7.8,195.5,ok,,,,,,,,
3,051-anchorage-far-north-bicentennial-park,Far North Bicentennial Park,Anchorage,United States,20.334,9.84,3.73,2026-09-28,34.68,35.47,0.0,0.0,0.0,70.15,1880.7,ok,,,,,,,,
3,052-memphis-shelby-farms,Shelby Farms,Memphis,United States,19.308,56.18,15.55,2026-09-28,21.81,5.69,0.0,0.0,0.2,27.5,176.8,ok,,,,,,,,
3,053-san-jose-calero-county-park,Calero County Park,San Jose,United States,18.792,5.51,0.03,2026-09-28,0.0,0.0,0.0,0.0,0.0,0.0,0.0,ok,,,,,,,,
3,054-santiago-santiago-metropolitan-park,Santiago Metropolitan Park,Santiago,Chile,5.291,30.1,5.61,2026-09-28,3.27,7.04,13.78,0.0,1.33,24.09,429.4,ok,0.0,0.035,0.66,227.0,"yes 0.017 km², transportation 0.004 km², house 0.003 km², service 0.002 km², garage 0.002 km²",0.109,0.8,0.618
3,055-halifax-blue-mountain-birch-cove-lakes-wilderness-area,Blue Mountain-Birch Cove Lakes Wilderness Area,Halifax,Canada,13.167,0.0,0.0,2026-09-28,5.25,0.0,0.0,0.0,0.0,5.25,,ok,,,,,,,,
3,056-virginia-beach-false-cape-state-park,False Cape State Park,Virginia Beach,United States,15.64,0.32,0.0,2026-09-28,17.63,0.0,0.0,0.0,0.0,17.63,,ok,,,,,,,,
3,057-madrid-casa-de-campo,Casa de Campo,Madrid,Spain,13.731,10.71,0.25,2026-09-27,4.43,0.75,1.01,0.0,0.83,6.19,2476.0,ok,,,,,,,,
3,058-los-angeles-griffith-park,Griffith Park,Los Angeles,United States,17.75,62.73,28.62,2026-09-28,8.5,0.89,7.68,0.0,0.0,17.07,59.6,ok,,,,,,,,
3,059-philadelphia-fairmount-park,Fairmount Park,Philadelphia,United States,7.621,62.99,37.99,2026-09-28,2.01,29.87,7.57,0.0,1.65,39.45,103.8,ok,,,,,,,,
3,061-moscow-izmaylovsky-park,Izmaylovsky Park,Moscow,Russia,12.039,6.0,3.43,2026-09-27,21.09,1.99,0.0,0.0,0.0,23.08,672.9,ok,0.0,0.0141,0.12,64.0,"yes 0.009 km², warehouse 0.001 km², government 0.001 km², house 0.001 km², construction 0.001 km²",3.515,3.847,1.752
3,062-jacksonville-pumpkin-hill-creek-preserve-state-park,Pumpkin Hill Creek Preserve State Park,Jacksonville,United States,16.487,2.84,0.0,2026-09-28,0.0,0.0,0.0,0.0,0.0,0.0,,ok,,,,,,,,
3,063-austin-walter-e-long-park,Walter E. Long Park,Austin,United States,14.653,12.81,0.0,2026-09-28,2.17,0.38,0.0,0.0,0.0,2.55,,ok,,,,,,,,
3,064-chico-bidwell-park,Bidwell Park,Chico,United States,13.899,13.63,0.06,2026-09-28,2.96,0.01,0.0,0.0,0.0,2.97,4950.0,ok,,,,,,,,
3,065-fort-worth-fort-worth-nature-center-and-refuge,Fort Worth Nature Center and Refuge,Fort Worth,United States,14.837,14.48,0.0,2026-09-28,0.0,0.0,0.0,0.0,0.0,0.0,,ok,,,,,,,,
3,066-dallas-mountain-creek-lake-park,Mountain Creek Lake Park,Dallas,United States,10.029,2.22,2.22,2026-09-28,0.0,0.0,0.0,0.0,0.0,0.0,0.0,ok,,,,,,,,
3,067-paris-forest-of-armainvilliers,Forest of Armainvilliers,Paris,France,2.675,0.04,0.0,2026-09-28,0.11,0.0,0.0,0.0,0.0,0.11,,ok,0.0,0.0066,0.25,32.0,"yes 0.004 km², manor 0.002 km²",2.75,2.75,0.041
3,069-poquoson-plum-tree-island-national-wildlife-refuge,Plum Tree Island National Wildlife Refuge,Poquoson,United States,13.97,0.0,0.0,2026-09-28,0.0,0.0,0.0,0.0,0.0,0.0,,ok,,,,,,,,
3,071-virginia-beach-north-landing-river-natural-area-preserve,North Landing River Natural Area Preserve,Virginia Beach,United States,9.02,0.0,0.0,2026-09-28,0.0,0.0,0.0,0.0,0.0,0.0,,ok,,,,,,,,
3,073-calgary-fish-creek-provincial-park,Fish Creek Provincial Park,Calgary,Canada,13.681,13.67,0.02,2026-09-27,20.62,21.98,0.0,0.0,0.0,42.6,213000.0,ok,0.0,0.0076,0.06,39.0,yes 0.008 km²,1.508,3.116,1.507
3,074-nashville-warner-parks,Warner Parks,Nashville,United States,7.974,28.31,0.98,2026-09-28,8.96,0.98,0.0,0.0,0.0,9.94,1014.3,ok,,,,,,,,
3,075-tulsa-mohawk-park-and-golf-course,Mohawk Park and Golf Course,Tulsa,United States,11.719,18.95,2.11,2026-09-28,0.0,0.0,0.0,0.0,0.0,0.0,0.0,ok,,,,,,,,
3,076-brecksville-brecksville-reservation,Brecksville Reservation,Brecksville,United States,16.857,36.35,30.43,2026-09-28,0.18,19.96,0.0,0.0,0.0,20.14,66.2,ok,,,,,,,,
3,077-odz-las-agiewnicki,Las Łagiewnicki,Łódź,Poland,13.409,14.9,6.39,2026-09-28,0.9,0.97,0.0,0.0,0.0,1.87,29.3,ok,,,,,,,,
3,078-paris-forest-of-meudon,Forest of Meudon,Paris,France,9.939,105.49,24.0,2026-09-28,4.98,0.87,1.37,4.09,9.37,7.22,30.1,ok,0.0,1.01,10.16,6420.0,"yes 0.493 km², apartments 0.212 km², house 0.077 km², detached 0.053 km², office 0.045 km²",0.047,0.068,0.501
3,079-natal-natal-dunes-state-park,Natal Dunes State Park,Natal,Brazil,10.799,0.59,0.0,2026-09-28,0.0,0.0,0.0,0.0,0.0,0.0,,ok,,,,,,,,
3,081-fortaleza-coco-park,Cocó Park,Fortaleza,Brazil,15.691,16.47,8.59,2026-09-28,2.32,0.0,0.11,0.0,0.0,2.43,28.3,ok,,,,,,,,
3,082-calgary-nose-hill-park,Nose Hill Park,Calgary,Canada,11.313,0.28,0.0,2026-09-27,5.68,2.06,0.0,0.0,0.0,7.74,,ok,0.0,0.0003,0.0,15.0,"yes 0.000 km², industrial 0.000 km²",20.286,27.643,0.502
3,083-new-york-city-pelham-bay-park,Pelham Bay Park,New York City,United States,8.327,41.04,32.13,2026-09-28,5.15,10.63,0.03,0.0,0.0,15.81,49.2,ok,,,,,,,,
3,084-lisbon-monsanto-forest-park,Monsanto Forest Park,Lisbon,Portugal,10.676,106.01,70.09,2026-09-27,7.33,0.49,0.0,0.0,0.37,7.82,11.2,ok,0.0224,0.2111,1.98,864.0,"yes 0.158 km², roof 0.014 km², prison 0.008 km², house 0.007 km², apartments 0.006 km²",0.069,0.074,0.687
3,085-paris-bois-de-vincennes,Bois de Vincennes,Paris,France,9.798,41.28,18.99,2026-09-28,4.68,7.79,4.56,0.0,0.07,17.03,89.7,ok,0.0,0.2501,2.55,602.0,"yes 0.187 km², sports_hall 0.029 km², roof 0.009 km², grandstand 0.008 km², farm_auxiliary 0.006 km²",0.113,0.413,0.478
3,086-san-diego-los-penasquitos-canyon-preserve,Los Peñasquitos Canyon Preserve,San Diego,United States,15.774,11.96,6.45,2026-09-28,0.27,0.21,2.26,0.0,0.0,2.74,42.5,ok,,,,,,,,
3,087-birmingham-sutton-park,Sutton Park,Birmingham,United Kingdom,9.133,9.89,0.0,2026-09-28,1.74,5.85,0.0,0.0,0.0,7.59,,ok,,,,,,,,
3,089-kansas-city-longview-lake-park,Longview Lake Park,Kansas City,United States,19.691,46.66,20.95,2026-09-28,0.0,12.05,7.09,0.0,0.0,19.14,91.4,ok,,,,,,,,
3,090-london-richmond-park,Richmond Park,London,United Kingdom,8.606,14.95,0.0,2026-09-28,0.25,20.22,0.0,0.0,0.0,20.47,,ok,0.0,0.0141,0.16,64.0,"yes 0.007 km², school 0.006 km², residential 0.001 km², house 0.001 km², kiosk 0.000 km²",0.017,1.369,0.029
3,091-sao-paulo-anhanguera-park,Anhanguera Park,São Paulo,Brazil,1.769,0.51,0.0,2026-09-28,0.0,2.12,0.0,0.0,0.0,2.12,,ok,,,,,,,,
3,093-amsterdam-amsterdamse-bos,Amsterdamse Bos,Amsterdam,Netherlands,8.968,21.98,12.7,2026-09-28,44.69,0.19,0.47,0.0,0.0,45.35,357.1,ok,,,,,,,,
3,094-regina-wascana-centre,Wascana Centre,Regina,Canada,5.444,29.18,1.33,2026-09-28,0.01,19.34,0.18,0.0,0.0,19.53,1468.4,ok,,,,,,,,
3,095-strongsville-mill-stream-run-reservation,Mill Stream Run Reservation,Strongsville,United States,13.853,26.73,21.81,2026-09-28,0.0,18.55,0.0,0.0,0.0,18.55,85.1,ok,,,,,,,,
3,096-lee-s-summit-fleming-park,Fleming Park,Lee's Summit,United States,27.669,60.98,8.57,2026-09-28,1.56,81.18,0.0,0.0,0.0,82.74,965.5,ok,,,,,,,,
3,097-bristol-steele-creek-park,Steele Creek Park,Bristol,United States,8.673,0.08,0.0,2026-09-28,0.0,34.41,0.0,0.0,0.0,34.41,,ok,,,,,,,,
3,098-lynn-lynn-woods-reservation,Lynn Woods Reservation,Lynn,United States,8.45,1.77,0.0,2026-09-28,0.0,0.0,0.0,0.0,0.0,0.0,,ok,,,,,,,,
3,099-saint-john-rockwood-park,Rockwood Park,Saint John,Canada,6.95,8.77,0.0,2026-09-28,0.0,2.42,0.0,0.0,0.0,2.42,,ok,,,,,,,,
3,100-houston-bear-creek-pioneers-park,Bear Creek Pioneers Park,Houston,United States,8.783,26.37,0.0,2026-09-28,0.0,0.0,0.0,0.0,0.0,0.0,,ok,,,,,,,,
3,101-paris-bois-de-boulogne,Bois de Boulogne,Paris,France,8.058,56.27,25.1,2026-09-28,9.15,3.28,0.6,0.0,0.46,13.03,51.9,ok,0.068,0.1165,1.45,480.0,"yes 0.112 km², riding_hall 0.004 km², pavilion 0.001 km², public 0.001 km², roof 0.000 km²",0.163,0.232,1.136
3,102-berkeley-tilden-regional-park,Tilden Regional Park,Berkeley,United States,5.908,18.46,8.89,2026-09-28,0.0,2.95,0.0,0.0,2.2,2.95,33.2,ok,,,,,,,,
3,103-bydgoszcz-myslecinek,Myślęcinek,Bydgoszcz,Poland,6.31,8.12,0.0,2026-09-27,3.82,3.98,0.1,0.0,0.0,7.9,,ok,,,,,,,,
3,104-los-angeles-sepulveda-basin-recreation-area,Sepulveda Basin Recreation Area,Los Angeles,United States,7.849,27.14,14.33,2026-09-28,0.4,22.41,0.0,0.0,0.0,22.81,159.2,ok,,,,,,,,
3,105-galveston-galveston-island-state-park,Galveston Island State Park,Galveston,United States,7.826,9.5,5.25,2026-09-28,0.0,0.0,0.0,0.0,0.0,0.0,0.0,ok,,,,,,,,
3,106-cologne-auerer-grungurtel,Äußerer Grüngürtel,Cologne,Germany,7.101,9.55,4.13,2026-09-28,4.96,11.89,0.0,0.0,0.0,16.85,408.0,ok,,,,,,,,
3,107-belgrade-ada-ciganlija,Ada Ciganlija,Belgrade,Serbia,2.769,14.34,0.14,2026-09-28,5.05,0.1,0.03,0.0,0.0,5.18,3700.0,ok,,,,,,,,
3,108-portland-smith-and-bybee-wetlands-natural-area,Smith and Bybee Wetlands Natural Area,Portland,United States,7.853,1.46,0.0,2026-09-28,0.0,2.94,0.0,0.0,0.0,2.94,,ok,,,,,,,,
3,109-dallas-white-rock-lake-park,White Rock Lake Park,Dallas,United States,4.029,0.32,0.32,2026-09-28,0.0,0.31,0.0,0.0,0.0,0.31,96.9,ok,,,,,,,,
3,110-vancouver-pacific-spirit-regional-park,Pacific Spirit Regional Park,Vancouver,Canada,8.411,14.83,11.01,2026-09-28,1.12,22.55,3.93,0.0,0.79,27.6,250.7,ok,,,,,,,,
3,111-birmingham-sandwell-valley-park,Sandwell Valley Park,Birmingham,United Kingdom,1.724,0.59,0.02,2026-09-28,1.79,1.51,0.0,0.0,0.0,3.3,16500.0,ok,,,,,,,,
3,112-kansas-city-swope-park,Swope Park,Kansas City,United States,7.273,32.81,6.72,2026-09-28,0.0,27.29,1.18,0.0,0.0,28.47,423.7,ok,,,,,,,,
3,113-san-diego-torrey-pines-state-natural-reserve,Torrey Pines State Natural Reserve,San Diego,United States,5.338,10.42,7.0,2026-09-28,0.0,0.0,3.4,0.0,0.0,3.4,48.6,ok,,,,,,,,
3,114-meriden-hubbard-park,Hubbard Park,Meriden,United States,3.745,11.98,4.16,2026-09-28,0.0,0.0,0.0,0.0,0.0,0.0,0.0,ok,,,,,,,,
3,115-new-york-city-staten-island-greenbelt,Staten Island Greenbelt,New York City,United States,2.457,0.86,0.0,2026-09-28,3.59,0.41,0.0,0.0,0.0,4.0,,ok,,,,,,,,
3,116-austin-barton-creek-greenbelt,Barton Creek Greenbelt,Austin,United States,3.402,0.74,0.71,2026-09-28,1.26,7.09,0.0,0.0,0.0,8.35,1176.1,ok,,,,,,,,
3,117-jacksonville-little-talbot-island-state-park,Little Talbot Island State Park,Jacksonville,United States,7.066,12.55,5.79,2026-09-28,0.59,1.33,0.0,0.0,0.0,1.92,33.2,ok,,,,,,,,
3,118-dublin-phoenix-park,Phoenix Park,Dublin,Ireland,7.039,29.37,4.69,2026-09-28,11.03,0.08,1.63,0.08,1.25,12.74,271.6,ok,0.0,0.0871,1.24,320.0,"yes 0.046 km², hospital 0.019 km², commercial 0.008 km², greenhouse 0.002 km², public 0.002 km²",0.376,0.434,1.567
3,119-san-diego-mission-bay-park,Mission Bay Park,San Diego,United States,2.1,10.24,0.0,2026-09-28,1.2,1.65,0.0,0.0,3.64,2.85,,ok,,,,,,,,
3,120-washington-d-c-rock-creek-park,Rock Creek Park,"Washington, D.C.",United States,7.179,29.03,15.21,2026-09-28,3.29,11.29,0.66,0.0,3.86,15.24,100.2,ok,,,,,,,,
3,122-jacksonville-big-talbot-island-state-park,Big Talbot Island State Park,Jacksonville,United States,6.263,10.48,6.5,2026-09-28,5.98,1.02,0.02,0.0,0.0,7.02,108.0,ok,,,,,,,,
3,123-monza-monza-park,Monza Park,Monza,Italy,7.243,19.45,0.0,2026-09-28,0.66,1.21,0.0,0.0,0.0,1.87,,ok,,,,,,,,
3,124-north-little-rock-burns-park,Burns Park,North Little Rock,United States,6.932,42.86,17.99,2026-09-28,4.28,2.42,0.0,0.0,0.0,6.7,37.2,ok,,,,,,,,
3,125-mexico-city-chapultepec-park,Chapultepec Park,Mexico City,Mexico,5.505,33.95,14.78,2026-09-28,3.18,3.22,0.01,0.0,0.12,6.41,43.4,ok,,,,,,,,
3,126-wheeling-oglebay-park,Oglebay Park,Wheeling,United States,3.287,18.67,5.73,2026-09-28,0.0,0.0,0.0,0.0,0.0,0.0,0.0,ok,,,,,,,,
3,127-lawrence-fort-harrison-state-park,Fort Harrison State Park,Lawrence,United States,7.061,16.79,0.04,2026-09-28,0.8,5.2,0.0,0.0,0.0,6.0,15000.0,ok,,,,,,,,
3,128-eureka-springs-lake-leatherwood-park,Lake Leatherwood Park,Eureka Springs,United States,5.705,3.94,0.06,2026-09-28,3.5,20.09,0.0,0.0,0.0,23.59,39316.7,ok,,,,,,,,
3,129-philadelphia-pennypack-park,Pennypack Park,Philadelphia,United States,5.529,5.24,1.88,2026-09-28,15.22,1.02,0.49,0.0,0.0,16.73,889.9,ok,,,,,,,,
3,130-madrid-manzanares-park,Manzanares Park,Madrid,Spain,1.782,2.74,0.77,2026-09-27,8.41,0.82,0.04,0.0,0.0,9.27,1203.9,ok,,,,,,,,
3,131-claremont-claremont-hills-wilderness-park,Claremont Hills Wilderness Park,Claremont,United States,7.514,0.65,0.0,2026-09-28,0.0,0.97,0.0,0.0,0.0,0.97,,ok,,,,,,,,
3,132-hanover-eilenriede,Eilenriede,Hanover,Germany,3.572,9.61,7.18,2026-09-28,6.74,10.95,0.0,0.0,0.0,17.69,246.4,ok,,,,,,,,
3,133-chorzow-silesian-park,Silesian Park,Chorzów,Poland,5.26,9.61,0.0,2026-09-28,5.55,3.66,0.0,0.0,0.0,9.21,,ok,,,,,,,,
3,134-phoenix-adobe-dam-regional-park,Adobe Dam Regional Park,Phoenix,United States,6.093,6.98,0.0,2026-09-28,0.0,0.0,1.23,0.0,0.0,1.23,,ok,,,,,,,,
3,136-birmingham-red-mountain-park,Red Mountain Park,Birmingham,United States,4.282,0.24,0.0,2026-09-28,0.0,17.2,0.0,0.0,0.0,17.2,,ok,,,,,,,,
3,137-des-moines-water-works-park,Water Works Park,Des Moines,United States,5.204,18.3,3.89,2026-09-28,0.0,10.95,0.0,0.0,0.0,10.95,281.5,ok,,,,,,,,
3,138-vienna-prater,Prater,Vienna,Austria,4.688,11.7,1.43,2026-09-27,0.77,0.92,0.38,0.0,0.01,2.07,144.8,ok,0.717,0.0532,1.14,173.0,"yes 0.039 km², retail 0.008 km², stadium 0.002 km², greenhouse 0.001 km², roof 0.001 km²",0.066,0.177,0.164
3,140-san-francisco-presidio-of-san-francisco-park,Presidio of San Francisco Park,San Francisco,United States,6.077,78.61,28.96,2026-09-28,4.78,5.55,11.98,0.27,4.78,22.31,77.0,ok,,,,,,,,
3,142-lincoln-wilderness-park,Wilderness Park,Lincoln,United States,5.644,1.26,0.0,2026-09-28,0.11,33.41,0.0,0.0,0.0,33.52,,ok,,,,,,,,
3,143-cincinnati-mount-airy-forest,Mount Airy Forest,Cincinnati,United States,5.763,16.31,6.37,2026-09-28,0.0,0.0,0.0,0.0,0.0,0.0,0.0,ok,,,,,,,,
3,144-houston-memorial-park,Memorial Park,Houston,United States,5.923,22.14,15.91,2026-09-28,6.33,21.4,0.0,0.0,0.0,27.73,174.3,ok,,,,,,,,
3,145-omaha-glenn-cunningham-lake-park,Glenn Cunningham Lake Park,Omaha,United States,3.915,8.93,2.36,2026-09-28,10.03,0.0,0.0,0.0,0.0,10.03,425.0,ok,,,,,,,,
3,146-los-angeles-hansen-dam-recreation-center,Hansen Dam Recreation Center,Los Angeles,United States,4.661,4.93,0.04,2026-09-28,4.5,0.0,0.0,0.0,0.0,4.5,11250.0,ok,,,,,,,,
3,147-virginia-beach-stumpy-lake-park,Stumpy Lake Park,Virginia Beach,United States,4.397,0.4,0.0,2026-09-28,0.0,0.0,0.0,0.0,0.0,0.0,,ok,,,,,,,,
3,148-riverside-sycamore-canyon-wilderness-park,Sycamore Canyon Wilderness Park,Riverside,United States,5.769,0.08,0.0,2026-09-28,0.0,0.0,0.0,0.0,0.0,0.0,,ok,,,,,,,,
3,149-quito-parque-metropolitano-guanguiltagua,Parque Metropolitano Guangüiltagua,Quito,Ecuador,5.296,8.56,0.0,2026-09-28,4.9,0.29,0.0,0.0,0.0,5.19,,ok,0.0,0.012,0.23,36.0,"yes 0.011 km², house 0.001 km², hut 0.000 km²",0.572,0.606,0.925
3,150-anchorage-kincaid-park,Kincaid Park,Anchorage,United States,6.448,6.73,3.21,2026-09-28,23.37,19.46,0.0,0.0,0.0,42.83,1334.3,ok,,,,,,,,
3,151-munich-englischer-garten,Englischer Garten,Munich,Germany,3.932,4.93,2.67,2026-09-28,1.25,27.15,0.0,0.0,0.0,28.4,1063.7,ok,,,,,,,,
3,152-san-antonio-rancho-diana,Rancho Diana,San Antonio,United States,4.65,0.51,0.0,2026-09-28,0.0,0.0,0.0,0.0,0.0,0.0,,ok,,,,,,,,
3,154-honolulu-sacred-falls-state-park,Sacred Falls State Park,Honolulu,United States,6.644,1.07,0.0,2026-09-28,0.0,0.0,0.0,0.0,0.0,0.0,,ok,,,,,,,,
3,155-st-louis-forest-park,Forest Park,St. Louis,United States,5.467,39.76,14.64,2026-09-28,0.9,18.49,0.81,0.0,0.01,20.2,138.0,ok,,,,,,,,
3,156-huntersville-latta-plantation-nature-center-and-preserve,Latta Plantation Nature Center and Preserve,Huntersville,United States,6.046,5.7,0.0,2026-09-28,0.0,0.0,0.0,0.0,0.0,0.0,,ok,,,,,,,,
3,157-colorado-springs-garden-of-the-gods-park,Garden of the Gods Park,Colorado Springs,United States,5.248,11.76,2.86,2026-09-28,0.0,7.29,3.69,0.0,0.0,10.98,383.9,ok,,,,,,,,
3,158-new-orleans-city-park,City Park,New Orleans,United States,4.889,29.49,11.17,2026-09-28,2.97,3.83,2.27,0.0,4.14,9.07,81.2,ok,,,,,,,,
3,159-san-diego-balboa-park,Balboa Park,San Diego,United States,4.947,41.71,28.5,2026-09-28,5.15,0.88,3.75,0.0,3.29,9.78,34.3,ok,,,,,,,,
3,160-san-diego-black-mountain-open-space-park,Black Mountain Open Space Park,San Diego,United States,9.565,1.96,0.0,2026-09-28,0.0,3.88,0.0,0.0,0.0,3.88,,ok,,,,,,,,
3,161-colorado-springs-north-cheyenne-canon-park,North Cheyenne Cañon Park,Colorado Springs,United States,5.547,13.74,8.64,2026-09-28,0.0,19.54,0.0,0.0,0.0,19.54,226.2,ok,,,,,,,,
3,162-oakland-middle-harbor-shoreline-park,Middle Harbor Shoreline Park,Oakland,United States,0.191,1.26,0.0,2026-09-28,0.0,3.04,0.0,0.0,0.0,3.04,,ok,,,,,,,,
3,163-chicago-lincoln-park,Lincoln Park,Chicago,United States,4.329,5.65,0.0,2026-09-28,11.33,6.72,0.0,0.0,0.0,18.05,,ok,,,,,,,,
3,164-washington-d-c-anacostia-park,Anacostia Park,"Washington, D.C.",United States,0.91,9.19,2.85,2026-09-28,0.03,4.36,0.0,0.0,0.0,4.39,154.0,ok,,,,,,,,
3,165-phoenix-cave-buttes-recreation-area,Cave Buttes Recreation Area,Phoenix,United States,11.315,4.46,0.58,2026-09-28,0.0,0.72,0.29,0.0,0.0,1.01,174.1,ok,,,,,,,,
3,166-baltimore-gwynns-falls-leakin-park,Gwynns Falls Leakin Park,Baltimore,United States,4.043,3.34,0.01,2026-09-28,8.35,1.66,0.0,0.0,0.0,10.01,100100.0,ok,,,,,,,,
3,167-jersey-city-liberty-state-park,Liberty State Park,Jersey City,United States,1.449,9.97,1.09,2026-09-28,0.0,0.0,0.23,0.0,0.0,0.23,21.1,ok,,,,,,,,
3,168-madrid-parque-de-valdebebas,Parque de Valdebebas,Madrid,Spain,1.826,0.0,0.0,2026-09-27,4.78,0.55,0.0,0.0,0.0,5.33,,ok,,,,,,,,
3,169-glendale-thunderbird-conservation-park,Thunderbird Conservation Park,Glendale,United States,4.591,3.42,3.16,2026-09-28,0.0,0.0,1.62,0.0,0.0,1.62,51.3,ok,,,,,,,,
3,170-tallahassee-alfred-b-maclay-gardens-state-park,Alfred B. Maclay Gardens State Park,Tallahassee,United States,4.936,3.01,0.0,2026-09-28,0.0,0.0,0.0,0.0,0.0,0.0,,ok,,,,,,,,
3,171-columbus-three-creeks-parks,Three Creeks Parks,Columbus,United States,4.817,5.76,2.63,2026-09-28,10.66,0.0,0.0,0.0,0.0,10.66,405.3,ok,,,,,,,,
3,172-mesa-red-mountain-park,Red Mountain Park,Mesa,United States,1.318,3.64,1.61,2026-09-28,0.0,0.0,0.8,0.0,0.0,0.8,49.7,ok,,,,,,,,
3,173-new-york-city-van-cortlandt-park,Van Cortlandt Park,New York City,United States,4.603,27.89,22.49,2026-09-28,1.5,3.75,0.0,0.0,0.0,5.25,23.3,ok,,,,,,,,
3,174-memphis-t-o-fuller-state-park,T.O. Fuller State Park,Memphis,United States,3.098,5.58,0.0,2026-09-28,0.0,0.0,0.0,0.0,0.0,0.0,,ok,,,,,,,,
3,175-austin-emma-long-metropolitan-park,Emma Long Metropolitan Park,Austin,United States,4.647,11.76,0.21,2026-09-28,0.0,0.0,0.0,0.0,5.03,0.0,0.0,ok,,,,,,,,
3,176-huntsville-monte-sano-nature-preserve,Monte Sano Nature Preserve,Huntsville,United States,4.033,2.67,1.39,2026-09-28,0.0,0.55,0.0,0.0,0.0,0.55,39.6,ok,,,,,,,,
3,177-winnipeg-assiniboine-park,Assiniboine Park,Winnipeg,Canada,2.554,0.0,0.0,2026-09-28,3.73,0.0,0.0,0.0,0.0,3.73,,ok,,,,,,,,
3,178-detroit-rouge-park,Rouge Park,Detroit,United States,3.698,13.18,7.92,2026-09-28,9.42,0.0,0.0,0.0,0.12,9.42,118.9,ok,,,,,,,,
3,179-london-bushy-park,Bushy Park,London,United Kingdom,4.192,8.09,0.0,2026-09-28,1.62,0.0,0.0,0.0,0.0,1.62,,ok,0.0,0.0113,0.27,100.0,"yes 0.007 km², house 0.002 km², terrace 0.001 km², detached 0.000 km², roof 0.000 km²",0.2,0.2,0.386
3,180-charlotte-mcdowell-nature-center-and-preserve,McDowell Nature Center and Preserve,Charlotte,United States,4.659,10.7,0.49,2026-09-28,0.0,0.0,0.0,0.0,0.0,0.0,0.0,ok,,,,,,,,
3,181-colorado-springs-cheyenne-mountain-state-park,Cheyenne Mountain State Park,Colorado Springs,United States,8.764,11.31,0.96,2026-09-28,0.0,22.1,0.0,0.0,0.0,22.1,2302.1,ok,,,,,,,,
3,182-new-taipei-new-taipei-metropolitan-park,New Taipei Metropolitan Park,New Taipei,Taiwan,4.066,34.54,26.65,2026-09-28,11.23,12.92,0.4,0.0,0.0,24.55,92.1,ok,,,,,,,,
3,183-riga-mezaparks,Mežaparks,Riga,Latvia,3.867,14.87,0.0,2026-09-28,0.0,0.0,0.0,0.0,0.0,0.0,,ok,,,,,,,,
3,184-birmingham-ruffner-mountain-park,Ruffner Mountain Park,Birmingham,United States,6.518,2.74,1.71,2026-09-28,0.0,0.0,0.0,0.0,0.0,0.0,0.0,ok,,,,,,,,
3,185-brasilia-parque-da-cidade-dona-sarah-kubitschek,Parque da Cidade Dona Sarah Kubitschek,Brasília,Brazil,3.944,27.37,14.61,2026-09-28,10.5,1.14,0.0,0.0,0.0,11.64,79.7,ok,0.0,0.0852,2.16,114.0,"yes 0.085 km², school 0.001 km², public 0.000 km², roof 0.000 km², toilets 0.000 km²",0.384,0.425,2.662
3,186-bedford-bedford-reservation,Bedford Reservation,Bedford,United States,10.449,22.25,17.44,2026-09-28,1.91,12.36,0.75,0.0,0.0,15.02,86.1,ok,,,,,,,,
3,188-arlington-river-legacy-park,River Legacy Park,Arlington,United States,0.572,0.0,0.0,2026-09-28,0.0,3.34,0.0,0.0,0.0,3.34,,ok,,,,,,,,
3,189-san-francisco-golden-gate-park,Golden Gate Park,San Francisco,United States,4.063,28.15,15.01,2026-09-28,1.41,14.87,0.92,0.0,2.53,17.2,114.6,ok,,,,,,,,
3,191-willoughby-hills-north-chagrin-reservation,North Chagrin Reservation,Willoughby Hills,United States,7.953,14.39,11.59,2026-09-28,0.01,9.64,0.0,0.0,0.0,9.65,83.3,ok,,,,,,,,
3,192-perth-kings-park,Kings Park,Perth,Australia,4.005,13.79,0.0,2026-09-28,0.63,15.11,0.0,0.0,0.0,15.74,,ok,,,,,,,,
3,193-vancouver-stanley-park,Stanley Park,Vancouver,Canada,3.906,19.75,14.74,2026-09-28,8.7,9.86,0.35,0.0,0.25,18.91,128.3,ok,,,,,,,,
3,201-sintra-sintra-cascais-natural-park,Sintra-Cascais Natural Park,Sintra,Portugal,144.348,729.71,158.58,2026-09-29,11.16,5.93,0.51,0.0,0.43,17.6,11.1,ok,,,,,,,,
