slug,name,city,country,region,continent,boundary_method,size_km2_wiki,park_area_km2,area_ratio_osm_wiki,needs_review,car_space_km2,car_space_pct,road_km,football_fields,highway_km,pieces,largest_piece_km2,second_piece_km2,walking_crossings,walking_crossings_over_motorway,walking_crossings_between_two_largest,road_crossings,unmarked_to_check,highway_km_per_walking_crossing,speed_limit_coverage_pct,road_km_above_30,highways_km,highways_km2,highways_pct,main_km,main_km2,main_pct,local_km,local_km2,local_pct,service_km,service_km2,service_pct,parking_km,parking_km2,parking_pct,status,osm_data_date,verified_by_hand,measured_on
001-tainan-taijiang-national-park,Taijiang National Park,Tainan,Taiwan,taiwan,Asia,OSM R4074850 (wikidata P402),393.0,368.442,0.94,False,0.2439,0.066,54.27,34,0.76,2,367.904,0.538,0,0,0,1,0,,0.0,0.0,0.76,0.008,0.0,0.77,0.0061,0.0,10.63,0.067,0.02,42.11,0.1256,0.03,,0.0372,0.01,ok,2026-09-27,False,
002-gatineau-gatineau-park,Gatineau Park,Gatineau,Canada,quebec,North America,OSM W39285217 (overpass wikidata tag),361.0,363.373,1.01,False,0.9792,0.269,135.32,137,8.6,4,362.857,0.371,7,4,3,1,8,1.23,53.0,69.83,8.6,0.0833,0.02,4.66,0.0347,0.01,89.23,0.5602,0.15,32.83,0.1072,0.03,,0.1938,0.05,ok,2026-09-27,False,
003-paris-forest-of-fontainebleau,Forest of Fontainebleau,Paris,France,ile-de-france,Europe,OSM R3236785 (override) from members,250.0,195.458,0.78,False,1.0832,0.554,156.15,152,0.0,13,115.576,49.728,0,0,0,0,0,,57.0,83.14,0.0,0.0,0.0,69.06,0.5349,0.27,73.11,0.453,0.23,13.98,0.0414,0.02,,0.0539,0.03,ok,2026-09-27,False,
004-cape-town-table-mountain-national-park,Table Mountain National Park,Cape Town,South Africa,south-africa,Africa,OSM R338191 (wikidata P402),221.0,249.914,1.13,False,0.6636,0.266,114.59,93,0.0,6,125.988,63.612,0,0,0,0,7,,44.3,44.44,0.0,0.0006,0.0,25.81,0.2062,0.08,30.02,0.1881,0.08,58.76,0.2063,0.08,,0.0624,0.02,ok,2026-09-27,False,
005-paris-forest-of-rambouillet,Forest of Rambouillet,Paris,France,ile-de-france,Europe,OSM R17852299 (wikidata P402),220.0,249.18,1.13,False,1.1792,0.473,176.54,165,0.02,22,107.454,86.48,1,0,0,1,3,0.02,37.6,64.56,0.02,0.0002,0.0,55.39,0.4515,0.18,111.5,0.6762,0.27,9.63,0.0284,0.01,,0.0229,0.01,ok,2026-09-27,False,
006-islamabad-margalla-hills-national-park,Margalla Hills National Park,Islamabad,Pakistan,pakistan,Asia,OSM R5755518 (wikidata P402),173.86,86.018,0.49,False,0.3017,0.351,42.39,42,0.0,1,86.018,0.0,0,0,0,0,0,,0.0,0.0,0.0,0.0,0.0,17.05,0.1361,0.16,24.38,0.1525,0.18,0.96,0.0028,0.0,,0.0103,0.01,ok,2026-09-27,False,
007-rio-de-janeiro-pedra-branca-state-park,Pedra Branca State Park,Rio de Janeiro,Brazil,sudeste,South America,OSM R1124867 (wikidata P402),123.94,128.711,1.04,False,0.1448,0.113,28.91,20,0.0,21,123.933,2.519,2,1,0,0,0,0.0,18.9,5.48,3.98,0.0,0.0,0.12,0.001,0.0,22.46,0.1369,0.11,2.35,0.0069,0.01,,0.0,0.0,ok,2026-09-27,False,
008-scottsdale-mcdowell-sonoran-preserve,McDowell Sonoran Preserve,Scottsdale,United States,us/arizona,North America,OSM R1382838 (wikidata P402),123.0,133.843,1.09,False,0.2665,0.199,29.67,37,0.0,2,68.087,65.755,0,0,0,0,0,,23.7,5.88,0.0,0.0,0.0,2.15,0.0341,0.03,12.85,0.0737,0.06,14.67,0.0471,0.04,,0.1116,0.08,ok,2026-09-27,False,
009-moscow-losiny-ostrov-national-park,Losiny Ostrov National Park,Moscow,Russia,central-fed-district,Europe,OSM R1380523 (wikidata P402),116.0,124.761,1.08,False,0.9538,0.765,150.1,134,15.42,7,88.987,28.546,4,0,3,0,4,3.86,28.9,41.34,15.42,0.3355,0.27,4.59,0.0354,0.03,53.65,0.3118,0.25,76.44,0.2393,0.19,,0.0318,0.03,ok,2026-09-27,False,
010-taipei-yangmingshan-national-park,Yangmingshan National Park,Taipei,Taiwan,taiwan,Asia,OSM R3518719 (wikidata P402),113.38,113.349,1.0,False,1.2792,1.129,209.24,179,0.0,1,113.349,0.0,0,0,0,0,0,,0.0,0.0,0.0,0.0,0.0,29.91,0.2392,0.21,132.41,0.8121,0.72,46.92,0.1379,0.12,,0.09,0.08,ok,2026-09-27,False,
011-el-paso-franklin-mountains-state-park,Franklin Mountains State Park,El Paso,United States,us/texas,North America,OSM R16898657 (wikidata P402),98.12,109.992,1.12,False,0.0535,0.049,5.51,7,0.0,5,76.563,32.295,1,0,1,0,11,0.0,15.4,0.85,0.0,0.0005,0.0,0.0,0.0,0.0,3.53,0.0208,0.02,1.98,0.0059,0.01,,0.0263,0.02,ok,2026-09-27,False,
012-new-orleans-bayou-sauvage-national-wildlife-refuge,Bayou Sauvage National Wildlife Refuge,New Orleans,United States,us/louisiana,North America,coordinates: way/767385551 Bayou Sauvage National Wildlife Refuge,92.1,109.123,1.18,True,0.2234,0.205,24.35,31,2.06,2,108.952,0.147,0,0,0,1,5,,69.9,17.04,2.06,0.0213,0.02,16.02,0.1809,0.17,0.96,0.0057,0.01,5.31,0.0155,0.01,,0.0,0.0,ok,2026-09-27,False,
013-seoul-bukhansan-national-park,Bukhansan National Park,Seoul,South Korea,south-korea,Asia,OSM R17336247 (overpass wikidata tag),79.92,76.756,0.96,False,0.2301,0.3,50.76,32,1.61,1,76.733,0.0,14,13,0,5,1,0.11,19.4,9.85,9.77,0.0304,0.04,3.37,0.0119,0.02,19.76,0.0917,0.12,17.86,0.0554,0.07,,0.0407,0.05,ok,2026-09-27,False,
014-sao-paulo-cantareira-state-park,Cantareira State Park,São Paulo,Brazil,sudeste,South America,OSM R9799674 (wikidata P402),79.165,75.838,0.96,False,0.3418,0.451,39.2,48,10.43,1,75.678,0.0,0,0,0,0,2,,34.2,13.28,10.48,0.1488,0.2,5.84,0.0568,0.07,21.67,0.1309,0.17,1.21,0.0035,0.0,,0.0018,0.0,ok,2026-09-27,False,
015-toronto-rouge-national-urban-park,Rouge National Urban Park,Toronto,Canada,ontario,North America,OSM R6997160 (wikidata P402),75.0,78.544,1.05,False,0.822,1.047,115.05,115,6.04,1,78.453,0.0,0,0,0,0,0,,59.6,68.38,6.04,0.0853,0.11,27.8,0.2622,0.33,53.84,0.3314,0.42,27.37,0.0893,0.11,,0.0538,0.07,ok,2026-09-27,False,
016-edmonton-north-saskatchewan-river-valley-parks-system,North Saskatchewan River valley parks system,Edmonton,Canada,alberta,North America,OSM R9682216 (wikidata P402),74.0,44.859,0.61,False,1.0184,2.27,135.55,143,13.23,9,26.457,9.604,7,7,0,1,5,1.89,47.1,60.23,13.23,0.1285,0.29,45.72,0.3351,0.75,46.16,0.2189,0.49,30.44,0.095,0.21,,0.2409,0.54,ok,2026-09-27,False,
017-phoenix-south-mountain-park,South Mountain Park,Phoenix,United States,us/arizona,North America,OSM R9244885 (overpass wikidata tag),65.89,66.741,1.01,False,0.2555,0.383,25.3,36,0.0,3,66.689,0.03,0,0,0,0,0,,80.1,19.26,0.0,0.0,0.0,0.0,0.0,0.0,22.21,0.1337,0.2,3.09,0.0135,0.02,,0.1083,0.16,ok,2026-09-27,False,
018-porto-serras-do-porto-park,Serras do Porto Park,Porto,Portugal,portugal,Europe,OSM R10155258 (wikidata P402),59.74,59.696,1.0,False,0.6035,1.011,84.29,85,9.04,1,59.572,0.0,9,9,0,3,1,1.0,11.7,9.88,9.84,0.1378,0.23,16.25,0.1282,0.21,52.59,0.3162,0.53,5.61,0.0165,0.03,,0.0048,0.01,ok,2026-09-27,False,
019-sydney-western-sydney-parklands,Western Sydney Parklands,Sydney,Australia,new-south-wales,Oceania,OSM W316624946 (override),52.8,2.407,0.05,True,0.0553,2.298,2.51,8,0.0,1,2.407,0.0,1,0,0,0,1,0.0,6.9,0.0,0.0,0.0,0.0,0.05,0.0002,0.01,0.56,0.0028,0.12,1.9,0.0056,0.23,,0.0467,1.94,ok,2026-09-27,False,
020-lahore-changa-manga,Changa Manga,Lahore,Pakistan,pakistan,Asia,OSM R12674928 (wikidata P402),50.646,52.013,1.03,False,0.185,0.356,31.22,26,0.0,1,52.013,0.0,0,0,0,0,0,,42.0,13.11,0.0,0.0,0.0,13.25,0.1056,0.2,8.04,0.0469,0.09,9.93,0.0297,0.06,,0.0028,0.01,ok,2026-09-27,False,
021-rome-appian-way-regional-park,Appian Way Regional Park,Rome,Italy,centro,Europe,OSM R1797980 (wikidata P402),45.8,33.058,0.72,False,0.5638,1.705,104.0,79,2.35,1,33.02,0.0,2,2,0,5,2,1.17,37.2,30.71,4.57,0.0325,0.1,15.17,0.1141,0.35,41.55,0.2299,0.7,42.71,0.1281,0.39,,0.0592,0.18,ok,2026-09-27,False,
023-san-antonio-government-canyon-state-natural-area,Government Canyon State Natural Area,San Antonio,United States,us/texas,North America,coordinates: relation/4513467 Government Canyon State Natural Area,49.55,48.718,0.98,True,0.0313,0.064,4.39,4,0.0,3,44.253,2.87,0,0,0,0,0,,49.5,2.17,0.0,0.0,0.0,0.0,0.0,0.0,0.03,0.0002,0.0,4.36,0.013,0.03,,0.0181,0.04,ok,2026-09-27,False,
025-rio-de-janeiro-tijuca-national-park,Tijuca National Park,Rio de Janeiro,Brazil,sudeste,South America,OSM R1124490 (wikidata P402),39.584,39.719,1.0,False,0.2576,0.649,46.34,36,0.0,3,19.829,17.312,0,0,0,1,0,,68.3,7.91,4.28,0.0,0.0,3.48,0.028,0.07,36.49,0.2176,0.55,2.09,0.0061,0.02,,0.0059,0.01,ok,2026-09-27,False,
027-ulsan-ulsan-grand-park,Ulsan Grand Park,Ulsan,South Korea,south-korea,Asia,OSM W520314210 (override),36.401,1.037,0.03,True,0.0007,0.067,0.19,0,0.0,1,1.037,0.0,0,0,0,0,0,,0.0,0.0,0.0,0.0,0.0,0.0,0.0001,0.01,0.02,0.0001,0.01,0.17,0.0005,0.05,,0.0,0.0,ok,2026-09-27,False,
028-los-angeles-topanga-state-park,Topanga State Park,Los Angeles,United States,socal,North America,OSM R357621 (wikidata P402),36.26,46.63,1.29,False,0.0303,0.065,4.17,4,0.0,10,39.315,3.605,2,0,0,0,3,0.0,1.7,0.07,0.0,0.0,0.0,0.05,0.0019,0.0,0.74,0.0045,0.01,3.38,0.0149,0.03,,0.009,0.02,ok,2026-09-27,False,
029-paris-forest-of-saint-germain-en-laye,Forest of Saint-Germain-en-Laye,Paris,France,ile-de-france,Europe,OSM R148839 (wikidata P402),35.0,33.976,0.97,False,0.1187,0.349,24.23,17,0.0,11,10.471,6.401,19,19,0,1,0,0.0,82.1,12.0,6.75,0.0001,0.0,3.03,0.0221,0.07,13.48,0.0834,0.25,0.97,0.0028,0.01,,0.0103,0.03,ok,2026-09-27,False,
030-seongnam-namhansanseong-provincial-park,Namhansanseong Provincial Park,Seongnam,South Korea,south-korea,Asia,coordinates: relation/8011104,34.45,54.196,1.57,True,0.0683,0.126,37.51,10,0.3,5,26.316,17.775,33,32,1,5,2,0.01,58.2,21.84,21.83,0.0034,0.01,6.47,0.0197,0.04,5.66,0.0346,0.06,3.55,0.0106,0.02,,0.0,0.0,ok,2026-09-27,False,
031-jacksonville-timucuan-preserve,Timucuan Preserve,Jacksonville,United States,us/florida,North America,OSM R6769286 (override),31.849,184.152,5.78,True,0.5732,0.311,83.5,80,7.13,1,184.038,0.0,0,0,0,0,0,,35.3,29.46,7.13,0.1087,0.06,20.71,0.1661,0.09,31.73,0.1914,0.1,23.93,0.0701,0.04,,0.0369,0.02,ok,2026-09-27,False,
032-houston-george-bush-park,George Bush Park,Houston,United States,us/texas,North America,OSM R1564423 (wikidata P402),31.565,32.776,1.04,False,0.2701,0.824,28.43,38,0.0,1,32.776,0.0,0,0,0,0,0,,57.0,16.21,0.0,0.0,0.0,17.61,0.1425,0.43,8.35,0.0498,0.15,2.47,0.0071,0.02,,0.0707,0.22,ok,2026-09-27,False,
033-phoenix-phoenix-sonoran-preserve,Phoenix Sonoran Preserve,Phoenix,United States,us/arizona,North America,OSM R11239420 (overpass wikidata tag),38.9,22.352,0.57,False,0.1464,0.655,9.83,21,5.92,3,15.867,4.062,3,3,1,0,1,1.97,82.8,6.82,5.92,0.1038,0.46,0.0,0.0,0.0,3.14,0.018,0.08,0.77,0.0022,0.01,,0.0224,0.1,ok,2026-09-27,False,
034-newport-news-newport-news-park,Newport News Park,Newport News,United States,us/virginia,North America,OSM W246029102 (override),31.205,12.855,0.41,True,0.0929,0.723,15.08,13,0.0,1,12.855,0.0,0,0,0,0,0,,73.6,10.29,0.0,0.0,0.0,0.0,0.0,0.0,8.48,0.0504,0.39,6.6,0.0196,0.15,,0.0229,0.18,ok,2026-09-27,False,
035-phoenix-north-mountain-and-shaw-butte-preserves,North Mountain and Shaw Butte Preserves,Phoenix,United States,us/arizona,North America,OSM R19435514 (override),30.351,6.732,0.22,True,0.0297,0.441,1.91,4,0.0,1,6.732,0.0,0,0,0,0,0,,3.1,0.06,0.0,0.0,0.0,0.0,0.0004,0.01,0.06,0.0004,0.01,1.85,0.007,0.1,,0.0219,0.33,ok,2026-09-27,False,
036-paris-forest-of-senart,Forest of Sénart,Paris,France,ile-de-france,Europe,OSM R150442 (wikidata P402),30.0,23.766,0.79,False,0.0435,0.183,6.67,6,0.0,1,23.766,0.0,0,0,0,0,0,,39.1,0.0,0.0,0.0,0.0,0.07,0.0006,0.0,5.5,0.0255,0.11,1.1,0.0035,0.01,,0.0139,0.06,ok,2026-09-27,False,
037-san-diego-mission-trails-regional-park,Mission Trails Regional Park,San Diego,United States,socal,North America,OSM R6006999 (wikidata P402),29.214,27.173,0.93,False,0.1415,0.521,22.04,20,0.0,3,20.356,5.082,1,1,0,0,0,0.0,32.2,6.05,0.0,0.0,0.0,3.73,0.0315,0.12,5.68,0.034,0.13,12.63,0.0373,0.14,,0.0387,0.14,ok,2026-09-27,False,
038-vilnius-verkiai-regional-park,Verkiai Regional Park,Vilnius,Lithuania,lithuania,Europe,OSM R7327179 (overpass wikidata tag),27.114,26.916,0.99,False,0.304,1.129,57.3,43,0.0,2,26.367,0.55,0,0,0,0,4,,57.7,20.03,0.0,0.0,0.0,8.58,0.0684,0.25,29.91,0.1706,0.63,18.81,0.0546,0.2,,0.0104,0.04,ok,2026-09-27,False,
039-stockholm-royal-national-city-park,Royal National City Park,Stockholm,Sweden,sweden,Europe,OSM R19338836 (override) from member ways,26.39,10.683,0.4,True,0.4649,4.352,70.27,65,4.86,2,7.589,3.03,18,10,0,1,3,0.27,58.8,16.84,6.08,0.0524,0.49,7.31,0.0688,0.64,37.68,0.1949,1.82,19.2,0.0528,0.49,,0.096,0.9,ok,2026-09-27,False,
040-louisville-jefferson-memorial-forest,Jefferson Memorial Forest,Louisville,United States,us/kentucky,North America,OSM W1351864323+W1351874046 (override),24.326,13.553,0.56,False,0.0359,0.265,7.06,5,0.0,2,10.446,3.106,0,0,0,0,0,,2.3,0.16,0.0,0.0,0.0,0.0,0.0,0.0,4.47,0.0277,0.2,2.59,0.0077,0.06,,0.0005,0.0,ok,2026-09-27,False,
041-raleigh-william-b-umstead-state-park,William B. Umstead State Park,Raleigh,United States,us/north-carolina,North America,OSM R7884349 (wikidata P402),22.577,22.078,0.98,False,0.0847,0.384,10.17,12,0.0,2,21.986,0.092,0,0,0,0,1,,52.9,5.38,0.0,0.0,0.0,0.0,0.0003,0.0,9.93,0.0594,0.27,0.24,0.0007,0.0,,0.0243,0.11,ok,2026-09-27,False,
042-moscow-bitsa-park,Bitsa Park,Moscow,Russia,central-fed-district,Europe,OSM R6435834 (wikidata P402),22.084,21.512,0.97,False,0.1188,0.552,25.57,17,0.0,4,15.733,3.065,0,0,0,0,0,,0.2,0.0,0.0,0.0,0.0,0.0,0.0001,0.0,1.65,0.0119,0.06,23.92,0.0719,0.33,,0.0349,0.16,ok,2026-09-27,False,
043-paris-forest-of-montmorency,Forest of Montmorency,Paris,France,ile-de-france,Europe,OSM R7432353 (override),22.0,16.177,0.74,False,0.0792,0.49,11.75,11,0.0,1,16.177,0.0,0,0,0,0,0,,82.7,9.0,0.0,0.0,0.0,1.24,0.0092,0.06,9.16,0.055,0.34,1.35,0.004,0.02,,0.011,0.07,ok,2026-09-27,False,
044-brescia-brescia-hills-park,Brescia Hills Park,Brescia,Italy,nord-ovest,Europe,OSM R4466444 (override),21.83,42.669,1.95,False,0.457,1.071,74.8,64,0.0,11,17.675,9.623,0,0,0,0,0,,20.3,9.95,0.0,0.0,0.0,0.45,0.0052,0.01,66.51,0.3876,0.91,7.84,0.023,0.05,,0.0412,0.1,ok,2026-09-27,False,
045-mexico-city-el-tepeyac-national-park,El Tepeyac National Park,Mexico City,Mexico,mexico,North America,OSM R17509182 (override),21.537,1.498,0.07,True,0.0039,0.26,0.62,1,0.0,3,1.153,0.319,0,0,0,0,0,,0.0,0.0,0.0,0.0,0.0,0.0,0.0001,0.01,0.62,0.0038,0.26,0.0,0.0,0.0,,0.0,0.0,ok,2026-09-27,False,
046-vilnius-pavilniai-regional-park,Pavilniai Regional Park,Vilnius,Lithuania,lithuania,Europe,"name search: Pavilniai Regional Park, Vilnius, Lithuania",21.269,21.725,1.02,True,0.4077,1.877,75.66,57,0.0,1,21.725,0.0,0,0,0,0,1,,45.4,30.68,0.0,0.0,0.0,12.09,0.0921,0.42,38.27,0.2261,1.04,25.3,0.073,0.34,,0.0165,0.08,ok,2026-09-27,False,
047-honolulu-ahupua-a-o-kahana-state-park,Ahupua'a O Kahana State Park,Honolulu,United States,us/hawaii,North America,OSM W129219894 (override),21.161,17.641,0.83,False,0.0409,0.232,6.54,6,0.0,1,17.641,0.0,0,0,0,0,0,,59.8,2.44,0.0,0.0,0.0,2.44,0.0196,0.11,0.4,0.0014,0.01,3.7,0.0175,0.1,,0.0024,0.01,ok,2026-09-27,False,
048-portland-forest-park,Forest Park,Portland,United States,us/oregon,North America,OSM R1760140 (wikidata P402),20.87,19.512,0.93,False,0.0552,0.283,8.18,8,0.0,4,19.129,0.177,0,0,0,0,4,,57.4,4.7,0.0,0.0,0.0,3.55,0.028,0.14,2.97,0.018,0.09,1.66,0.0048,0.02,,0.0044,0.02,ok,2026-09-27,False,
049-paris-forest-of-marly,Forest of Marly,Paris,France,ile-de-france,Europe,OSM R376247 (overpass wikidata tag),20.0,21.08,1.05,False,0.2836,1.345,32.25,40,16.75,9,12.558,7.552,6,6,4,3,0,2.79,91.9,27.29,16.75,0.1738,0.82,7.27,0.0559,0.27,8.0,0.0483,0.23,0.23,0.0006,0.0,,0.005,0.02,ok,2026-09-27,False,
050-indianapolis-eagle-creek-park,Eagle Creek Park,Indianapolis,United States,us/indiana,North America,coordinates: way/156992899 Eagle Creek Park,19.287,19.173,0.99,True,0.2345,1.223,29.67,33,0.52,4,18.148,0.571,3,3,1,0,3,0.17,68.6,20.34,0.52,0.0062,0.03,2.68,0.0255,0.13,18.9,0.1141,0.6,7.57,0.0223,0.12,,0.0664,0.35,ok,2026-09-27,False,
051-anchorage-far-north-bicentennial-park,Far North Bicentennial Park,Anchorage,United States,us/alaska,North America,OSM W913965341 (overpass wikidata tag),18.211,20.334,1.12,False,0.0737,0.362,9.84,10,0.0,1,20.334,0.0,0,0,0,0,0,,52.9,5.21,0.0,0.0,0.0,0.0,0.0,0.0,5.82,0.0368,0.18,4.02,0.0119,0.06,,0.025,0.12,ok,2026-09-27,False,
052-memphis-shelby-farms,Shelby Farms,Memphis,United States,us/tennessee,North America,OSM R11815720 (wikidata P402),18.211,19.308,1.06,False,0.3742,1.938,56.18,52,0.15,1,19.306,0.0,1,1,0,0,0,0.15,19.6,11.0,0.15,0.0018,0.01,13.38,0.1068,0.55,19.34,0.117,0.61,23.31,0.0685,0.35,,0.0801,0.41,ok,2026-09-27,False,
053-san-jose-calero-county-park,Calero County Park,San Jose,United States,norcal,North America,coordinates: relation/16048319 Calero County Park,18.093,18.792,1.04,True,0.0363,0.193,5.51,5,0.0,6,17.08,0.951,0,0,0,0,0,,0.6,0.03,0.0,0.0,0.0,0.03,0.0004,0.0,0.46,0.0031,0.02,5.02,0.015,0.08,,0.0178,0.09,ok,2026-09-27,False,
054-santiago-santiago-metropolitan-park,Santiago Metropolitan Park,Santiago,Chile,chile,South America,OSM W168227059 (override),17.847,5.291,0.3,True,0.1407,2.659,30.1,20,0.13,2,5.26,0.025,15,15,0,5,2,0.01,78.1,13.9,5.61,0.0019,0.04,0.0,0.0003,0.01,18.98,0.1077,2.04,5.51,0.0158,0.3,,0.015,0.28,ok,2026-09-27,False,
055-halifax-blue-mountain-birch-cove-lakes-wilderness-area,Blue Mountain-Birch Cove Lakes Wilderness Area,Halifax,Canada,nova-scotia,North America,OSM R4851205 (overpass wikidata tag),17.67,13.167,0.75,False,0.0,0.0,0.0,0,0.0,6,12.255,0.627,0,0,0,0,0,,0.0,0.0,0.0,0.0,0.0,0.0,0.0,0.0,0.0,0.0,0.0,0.0,0.0,0.0,,0.0,0.0,ok,2026-09-27,False,
056-virginia-beach-false-cape-state-park,False Cape State Park,Virginia Beach,United States,us/virginia,North America,OSM R13957231 (wikidata P402),17.486,15.64,0.89,False,0.001,0.006,0.32,0,0.0,10,14.118,1.015,0,0,0,0,0,,0.0,0.0,0.0,0.0,0.0,0.0,0.0,0.0,0.0,0.0,0.0,0.32,0.001,0.01,,0.0,0.0,ok,2026-09-27,False,
057-madrid-casa-de-campo,Casa de Campo,Madrid,Spain,madrid,Europe,OSM R1946885 (wikidata P402),17.24,13.731,0.8,False,0.1329,0.968,10.71,19,0.18,1,13.729,0.0,8,7,0,0,6,0.02,72.5,6.34,0.25,0.0013,0.01,0.0,0.0,0.0,7.76,0.04,0.29,2.7,0.0079,0.06,,0.0837,0.61,ok,2026-09-27,False,
058-los-angeles-griffith-park,Griffith Park,Los Angeles,United States,socal,North America,OSM R7091174 (wikidata P402),17.066,17.75,1.04,False,0.7479,4.214,62.73,105,16.5,6,17.299,0.109,11,11,0,2,4,1.5,35.3,20.84,16.5,0.2481,1.4,1.23,0.0184,0.1,31.51,0.1945,1.1,13.49,0.0394,0.22,,0.2475,1.39,ok,2026-09-27,False,
059-philadelphia-fairmount-park,Fairmount Park,Philadelphia,United States,us/pennsylvania,North America,OSM R16277006+R9798160 (override),16.863,7.621,0.45,False,0.5447,7.148,62.99,76,1.17,11,4.016,2.49,15,13,0,2,1,0.08,32.0,20.16,1.17,0.0132,0.17,22.14,0.2263,2.97,27.94,0.1568,2.06,11.74,0.0344,0.45,,0.114,1.5,ok,2026-09-27,False,
061-moscow-izmaylovsky-park,Izmaylovsky Park,Moscow,Russia,central-fed-district,Europe,OSM R1671018 (wikidata P402),16.081,12.039,0.75,False,0.0374,0.311,6.0,5,0.0,2,10.335,1.705,0,0,0,0,0,,56.3,3.38,0.0,0.0,0.0,2.63,0.0213,0.18,1.9,0.0118,0.1,1.47,0.0043,0.04,,0.0,0.0,ok,2026-09-27,False,
062-jacksonville-pumpkin-hill-creek-preserve-state-park,Pumpkin Hill Creek Preserve State Park,Jacksonville,United States,us/florida,North America,OSM R10901488 (wikidata P402),15.767,16.487,1.05,False,0.0113,0.069,2.84,2,0.0,15,7.975,4.753,0,0,0,0,0,,0.0,0.0,0.0,0.0,0.0,0.0,0.0,0.0,0.9,0.0057,0.03,1.94,0.0056,0.03,,0.0,0.0,ok,2026-09-27,False,
063-austin-walter-e-long-park,Walter E. Long Park,Austin,United States,us/texas,North America,coordinates: relation/11810216 Walter E. Long Metropolitan Park,15.034,14.653,0.97,True,0.0609,0.416,12.81,9,0.0,1,14.653,0.0,0,0,0,0,0,,0.0,0.0,0.0,0.0,0.0,0.0,0.0,0.0,1.07,0.0064,0.04,11.74,0.0348,0.24,,0.0197,0.13,ok,2026-09-27,False,
064-chico-bidwell-park,Bidwell Park,Chico,United States,norcal,North America,coordinates: way/27617233 Upper Bidwell Park,14.852,13.899,0.94,True,0.0852,0.613,13.63,12,0.0,1,13.899,0.0,0,0,0,0,0,,0.0,0.0,0.0,0.0,0.0,0.0,0.0,0.0,6.27,0.0361,0.26,7.36,0.0219,0.16,,0.0272,0.2,ok,2026-09-27,False,
065-fort-worth-fort-worth-nature-center-and-refuge,Fort Worth Nature Center and Refuge,Fort Worth,United States,us/texas,North America,coordinates: way/507080647 Fort Worth Nature Center & Refuge,14.82,14.837,1.0,True,0.0567,0.382,14.48,8,0.0,1,14.837,0.0,0,0,0,0,0,,0.0,0.0,0.0,0.0,0.0,0.0,0.0,0.0,12.92,0.0462,0.31,1.56,0.0047,0.03,,0.0058,0.04,ok,2026-09-27,False,
066-dallas-mountain-creek-lake-park,Mountain Creek Lake Park,Dallas,United States,us/texas,North America,OSM W25858078 (overpass wikidata tag),14.743,10.029,0.68,False,0.0178,0.177,2.22,2,0.0,1,10.029,0.0,0,0,0,0,0,,100.0,2.22,0.0,0.0,0.0,2.22,0.0178,0.18,0.0,0.0,0.0,0.0,0.0,0.0,,0.0,0.0,ok,2026-09-27,False,
067-paris-forest-of-armainvilliers,Forest of Armainvilliers,Paris,France,ile-de-france,Europe,OSM W1038045486 (override),14.5,2.675,0.18,True,0.0002,0.007,0.04,0,0.0,1,2.675,0.0,0,0,0,0,0,,0.0,0.0,0.0,0.0,0.0,0.0,0.0,0.0,0.04,0.0002,0.01,0.0,0.0,0.0,,0.0,0.0,ok,2026-09-27,False,
069-poquoson-plum-tree-island-national-wildlife-refuge,Plum Tree Island National Wildlife Refuge,Poquoson,United States,us/virginia,North America,coordinates: relation/6990984 Plum Tree Island National Wildlife Refuge,14.168,13.97,0.99,True,0.0,0.0,0.0,0,0.0,6,13.129,0.755,0,0,0,0,0,,0.0,0.0,0.0,0.0,0.0,0.0,0.0,0.0,0.0,0.0,0.0,0.0,0.0,0.0,,0.0,0.0,ok,2026-09-27,False,
071-virginia-beach-north-landing-river-natural-area-preserve,North Landing River Natural Area Preserve,Virginia Beach,United States,us/virginia,North America,coordinates: way/852017072,13.921,9.02,0.65,True,0.0,0.0,0.0,0,0.0,1,9.02,0.0,0,0,0,0,0,,0.0,0.0,0.0,0.0,0.0,0.0,0.0,0.0,0.0,0.0,0.0,0.0,0.0,0.0,,0.0,0.0,ok,2026-09-27,False,
073-calgary-fish-creek-provincial-park,Fish Creek Provincial Park,Calgary,Canada,alberta,North America,OSM R6367733 (wikidata P402),13.48,13.681,1.01,False,0.133,0.972,13.67,19,0.0,6,7.782,3.952,1,1,0,0,0,0.0,34.2,0.66,0.0,0.0,0.0,0.02,0.0001,0.0,4.14,0.0244,0.18,9.51,0.0288,0.21,,0.0797,0.58,ok,2026-09-27,False,
074-nashville-warner-parks,Warner Parks,Nashville,United States,us/tennessee,North America,OSM W213538925 (overpass wikidata tag),12.687,7.974,0.63,False,0.1106,1.387,28.31,15,0.0,1,7.974,0.0,0,0,0,0,0,,4.1,1.17,0.0,0.0,0.0,0.96,0.0089,0.11,4.62,0.0201,0.25,22.73,0.0762,0.96,,0.0054,0.07,ok,2026-09-27,False,
075-tulsa-mohawk-park-and-golf-course,Mohawk Park and Golf Course,Tulsa,United States,us/oklahoma,North America,OSM W249726444 (override),12.545,11.719,0.93,False,0.1636,1.396,18.95,23,0.0,1,11.719,0.0,0,0,0,0,0,,79.5,15.06,0.0,0.0,0.0,0.0,0.0,0.0,15.42,0.093,0.79,3.53,0.0104,0.09,,0.0602,0.51,ok,2026-09-27,False,
076-brecksville-brecksville-reservation,Brecksville Reservation,Brecksville,United States,us/ohio,North America,OSM R7081545 (wikidata P402),12.246,16.857,1.38,False,0.2654,1.574,36.35,37,0.0,22,11.222,2.408,0,0,0,0,0,,17.5,6.37,0.0,0.0,0.0,0.91,0.0111,0.07,32.54,0.2058,1.22,2.9,0.0085,0.05,,0.04,0.24,ok,2026-09-27,False,
077-odz-las-agiewnicki,Las Łagiewnicki,Łódź,Poland,lodzkie,Europe,"name search: Las Łagiewnicki, Łódź, Poland",12.05,13.409,1.11,True,0.0907,0.676,14.9,13,0.0,1,13.409,0.0,0,0,0,0,0,,58.5,7.78,0.0,0.0,0.0,0.43,0.0045,0.03,12.77,0.0782,0.58,1.7,0.0049,0.04,,0.0031,0.02,ok,2026-09-27,False,
078-paris-forest-of-meudon,Forest of Meudon,Paris,France,ile-de-france,Europe,OSM R31341 (wikidata P402),12.0,9.939,0.83,False,0.6686,6.727,105.49,94,7.65,2,7.934,1.904,5,0,4,1,4,1.53,62.9,16.52,7.65,0.0854,0.86,11.29,0.0838,0.84,65.7,0.3402,3.42,20.85,0.0594,0.6,,0.0998,1.0,ok,2026-09-27,False,
079-natal-natal-dunes-state-park,Natal Dunes State Park,Natal,Brazil,nordeste,South America,coordinates: relation/1230019 Parque das Dunas,11.72,10.799,0.92,True,0.0019,0.018,0.59,0,0.0,1,10.799,0.0,0,0,0,0,0,,0.0,0.0,0.0,0.0,0.0,0.0,0.0001,0.0,0.0,0.0,0.0,0.59,0.0018,0.02,,0.0,0.0,ok,2026-09-27,False,
081-fortaleza-coco-park,Cocó Park,Fortaleza,Brazil,nordeste,South America,OSM R6992908 (override),11.554,15.691,1.36,False,0.1404,0.895,16.47,20,2.4,3,10.79,3.932,2,0,0,0,4,1.2,39.8,6.55,2.4,0.0252,0.16,5.92,0.0617,0.39,7.66,0.0452,0.29,0.49,0.0014,0.01,,0.0069,0.04,ok,2026-09-27,False,
082-calgary-nose-hill-park,Nose Hill Park,Calgary,Canada,alberta,North America,coordinates: way/4637407 Nose Hill Park,11.27,11.313,1.0,True,0.0183,0.162,0.28,3,0.0,1,11.313,0.0,0,0,0,0,0,,6.3,0.0,0.0,0.0,0.0,0.0,0.0003,0.0,0.03,0.0002,0.0,0.25,0.0008,0.01,,0.017,0.15,ok,2026-09-27,False,
083-new-york-city-pelham-bay-park,Pelham Bay Park,New York City,United States,us/new-york,North America,OSM R5654414 (wikidata P402),11.218,8.327,0.74,False,0.537,6.449,41.04,75,17.07,7,6.49,1.327,10,10,0,0,7,1.71,56.2,23.08,17.07,0.1862,2.24,11.77,0.0993,1.19,5.86,0.0403,0.48,6.34,0.0233,0.28,,0.1879,2.26,ok,2026-09-27,False,
084-lisbon-monsanto-forest-park,Monsanto Forest Park,Lisbon,Portugal,portugal,Europe,OSM R12883714 (wikidata P402),10.0,10.676,1.07,False,0.8509,7.97,105.54,119,41.88,10,5.744,3.627,13,3,1,9,17,3.22,32.4,32.56,41.88,0.4674,4.38,5.8,0.0504,0.47,39.24,0.2216,2.08,18.62,0.054,0.51,,0.0575,0.54,ok,2026-10-03,False,2026-10-04
085-paris-bois-de-vincennes,Bois de Vincennes,Paris,France,ile-de-france,Europe,OSM R18047835 (overpass wikidata tag),9.939,9.798,0.99,False,0.3372,3.442,41.28,47,3.36,2,9.729,0.019,9,4,2,1,1,0.37,57.8,14.29,4.26,0.0463,0.47,6.3,0.0661,0.67,12.75,0.0782,0.8,17.97,0.0518,0.53,,0.0948,0.97,ok,2026-09-27,False,
086-san-diego-los-penasquitos-canyon-preserve,Los Peñasquitos Canyon Preserve,San Diego,United States,socal,North America,OSM R6221986 (wikidata P402),9.733,15.774,1.62,False,0.0886,0.562,11.96,12,0.89,2,15.457,0.312,1,1,0,0,0,0.89,46.0,5.5,0.89,0.0153,0.1,4.77,0.0405,0.26,1.79,0.0111,0.07,4.51,0.0132,0.08,,0.0085,0.05,ok,2026-09-27,False,
087-birmingham-sutton-park,Sutton Park,Birmingham,United Kingdom,west-midlands,Europe,OSM R2634482 (wikidata P402),9.712,9.133,0.94,False,0.0672,0.736,9.89,9,0.0,1,9.133,0.0,0,0,0,0,10,,0.0,0.0,0.0,0.0002,0.0,0.0,0.0002,0.0,0.2,0.0012,0.01,9.69,0.0288,0.32,,0.0368,0.4,ok,2026-09-27,False,
089-kansas-city-longview-lake-park,Longview Lake Park,Kansas City,United States,us/missouri,North America,OSM W546201242 (override),9.636,19.691,2.04,False,0.3289,1.67,46.66,46,0.0,1,19.691,0.0,0,0,0,0,0,,0.7,0.31,0.0,0.0,0.0,15.85,0.1256,0.64,15.52,0.0949,0.48,15.29,0.0452,0.23,,0.0632,0.32,ok,2026-09-27,False,
090-london-richmond-park,Richmond Park,London,United Kingdom,greater-london,Europe,OSM W51260440 (overpass wikidata tag),9.551,8.606,0.9,False,0.1169,1.358,14.95,16,0.0,1,8.606,0.0,0,0,0,0,0,,84.6,12.16,0.0,0.0,0.0,0.0,0.0,0.0,12.37,0.073,0.85,2.58,0.0076,0.09,,0.0363,0.42,ok,2026-09-27,False,
091-sao-paulo-anhanguera-park,Anhanguera Park,São Paulo,Brazil,sudeste,South America,OSM W199276067 (override),9.5,1.769,0.19,True,0.0015,0.085,0.51,0,0.0,1,1.769,0.0,0,0,0,0,0,,0.0,0.0,0.0,0.0,0.0,0.0,0.0,0.0,0.0,0.0,0.0,0.51,0.0015,0.09,,0.0,0.0,ok,2026-09-27,False,
093-amsterdam-amsterdamse-bos,Amsterdamse Bos,Amsterdam,Netherlands,noord-holland,Europe,OSM W26517033 (overpass wikidata tag),9.348,8.968,0.96,False,0.2342,2.612,21.98,33,3.95,1,8.899,0.0,2,2,0,1,0,1.98,77.5,14.32,3.95,0.0692,0.77,0.69,0.0052,0.06,11.52,0.0702,0.78,5.82,0.0171,0.19,,0.0725,0.81,ok,2026-09-27,False,
094-regina-wascana-centre,Wascana Centre,Regina,Canada,saskatchewan,North America,OSM R12211965 (overpass wikidata tag),9.308,5.444,0.58,False,0.4152,7.627,29.18,58,0.0,3,2.884,1.707,0,0,0,0,0,,18.0,5.26,0.0,0.0,0.0,0.13,0.001,0.02,18.6,0.1088,2.0,10.45,0.0303,0.56,,0.2751,5.05,ok,2026-09-27,False,
095-strongsville-mill-stream-run-reservation,Mill Stream Run Reservation,Strongsville,United States,us/ohio,North America,"name search: Mill Stream Run Reservation, Strongsville, United States",9.057,13.853,1.53,True,0.2022,1.46,26.73,28,0.14,8,10.336,1.76,1,1,0,0,0,0.14,37.5,10.02,0.14,0.002,0.01,2.09,0.0216,0.16,23.11,0.1456,1.05,1.39,0.0041,0.03,,0.0289,0.21,ok,2026-09-27,False,
096-lee-s-summit-fleming-park,Fleming Park,Lee's Summit,United States,us/missouri,North America,OSM W293620633 (override),9.02,27.669,3.07,True,0.3623,1.309,60.98,51,0.0,1,27.669,0.0,0,0,0,0,0,,3.3,2.04,0.0,0.0,0.0,8.28,0.066,0.24,12.98,0.0763,0.28,39.72,0.1314,0.47,,0.0886,0.32,ok,2026-09-27,False,
097-bristol-steele-creek-park,Steele Creek Park,Bristol,United States,us/tennessee,North America,OSM R21179363+R21179055 (override),9.0,8.673,0.96,False,0.0002,0.002,0.08,0,0.0,1,8.673,0.0,0,0,0,0,0,,0.0,0.0,0.0,0.0,0.0,0.0,0.0,0.0,0.0,0.0,0.0,0.08,0.0002,0.0,,0.0,0.0,ok,2026-09-27,False,
098-lynn-lynn-woods-reservation,Lynn Woods Reservation,Lynn,United States,us/massachusetts,North America,OSM R1153480 (wikidata P402),8.903,8.45,0.95,False,0.0228,0.27,1.77,3,0.0,2,8.409,0.04,0,0,0,0,0,,0.0,0.0,0.0,0.0017,0.02,0.0,0.0002,0.0,0.32,0.0022,0.03,1.45,0.0115,0.14,,0.0072,0.09,ok,2026-09-27,False,
099-saint-john-rockwood-park,Rockwood Park,Saint John,Canada,new-brunswick,North America,OSM R6437442 (overpass wikidata tag),8.903,6.95,0.78,False,0.0578,0.832,8.77,8,0.0,1,6.95,0.0,0,0,0,0,2,,6.9,0.61,0.0,0.0,0.0,0.0,0.0002,0.0,3.78,0.0225,0.32,4.99,0.0146,0.21,,0.0205,0.29,ok,2026-09-27,False,
100-houston-bear-creek-pioneers-park,Bear Creek Pioneers Park,Houston,United States,us/texas,North America,OSM W125388291 (overpass wikidata tag),8.774,8.783,1.0,False,0.2567,2.923,26.37,36,0.0,1,8.783,0.0,0,0,0,0,0,,7.4,1.96,0.0,0.0,0.0,0.0,0.0001,0.0,5.11,0.0309,0.35,21.26,0.0957,1.09,,0.13,1.48,ok,2026-09-27,False,
101-paris-bois-de-boulogne,Bois de Boulogne,Paris,France,ile-de-france,Europe,OSM R16731685 (overpass wikidata tag),8.458,8.058,0.95,False,0.3568,4.428,56.27,50,1.13,1,8.043,0.0,19,3,0,2,1,0.06,71.4,16.62,4.35,0.0131,0.16,15.69,0.1568,1.95,17.79,0.1012,1.26,18.44,0.0536,0.67,,0.0321,0.4,ok,2026-09-27,False,
102-berkeley-tilden-regional-park,Tilden Regional Park,Berkeley,United States,norcal,North America,OSM R10895193 (wikidata P402),8.413,5.908,0.7,False,0.1221,2.067,18.46,17,0.0,1,5.908,0.0,0,0,0,0,0,,70.6,13.03,0.0,0.0,0.0,0.0,0.0,0.0,13.88,0.075,1.27,4.58,0.0134,0.23,,0.0337,0.57,ok,2026-09-27,False,
103-bydgoszcz-myslecinek,Myślęcinek,Bydgoszcz,Poland,kujawsko-pomorskie,Europe,"coordinates: way/183596103 Leśny Park Kultury i Wypoczynku ""Myślęcinek""",8.3,6.31,0.76,True,0.0525,0.832,8.12,7,0.0,1,6.31,0.0,0,0,0,0,0,,6.4,0.31,0.0,0.0,0.0,0.0,0.0009,0.01,3.39,0.0205,0.33,4.73,0.014,0.22,,0.0171,0.27,ok,2026-09-27,False,
104-los-angeles-sepulveda-basin-recreation-area,Sepulveda Basin Recreation Area,Los Angeles,United States,socal,North America,coordinates: relation/12015677 Sepulveda Basin Recreation Area,8.219,7.849,0.95,True,0.3877,4.939,27.14,54,1.62,2,7.712,0.109,5,5,0,0,1,0.32,61.3,9.96,1.62,0.0218,0.28,12.71,0.1372,1.75,2.72,0.0162,0.21,10.09,0.032,0.41,,0.1805,2.3,ok,2026-09-27,False,
105-galveston-galveston-island-state-park,Galveston Island State Park,Galveston,United States,us/texas,North America,OSM R6583684 (wikidata P402),8.146,7.826,0.96,False,0.0655,0.837,9.5,9,0.0,4,6.765,0.829,0,0,0,0,0,,0.0,0.0,0.0,0.0,0.0,0.0,0.0,0.0,7.01,0.0445,0.57,2.49,0.0068,0.09,,0.0142,0.18,ok,2026-09-27,False,
106-cologne-auerer-grungurtel,Äußerer Grüngürtel,Cologne,Germany,koeln-regbez,Europe,"name search: Äußerer Grüngürtel, Cologne, Germany",8.0,7.101,0.89,True,0.0691,0.973,9.55,10,0.0,7,3.451,1.383,8,8,0,3,5,0.0,47.3,2.25,0.0,0.0002,0.0,0.91,0.0085,0.12,4.24,0.0272,0.38,4.4,0.0141,0.2,,0.0191,0.27,ok,2026-09-27,False,
107-belgrade-ada-ciganlija,Ada Ciganlija,Belgrade,Serbia,serbia,Europe,OSM R14675466 (override),7.997,2.769,0.35,True,0.0926,3.344,14.34,13,0.0,1,2.769,0.0,0,0,0,0,0,,10.3,0.14,0.0,0.0,0.0,0.14,0.0016,0.06,11.62,0.0693,2.5,2.58,0.0075,0.27,,0.0142,0.51,ok,2026-09-27,False,
108-portland-smith-and-bybee-wetlands-natural-area,Smith and Bybee Wetlands Natural Area,Portland,United States,us/oregon,North America,OSM R12576816 (wikidata P402),7.984,7.853,0.98,False,0.0063,0.08,1.46,1,0.0,2,7.83,0.023,0,0,0,0,0,,0.0,0.0,0.0,0.0,0.0,0.0,0.0,0.0,0.4,0.0024,0.03,1.06,0.0032,0.04,,0.0007,0.01,ok,2026-09-27,False,
109-dallas-white-rock-lake-park,White Rock Lake Park,Dallas,United States,us/texas,North America,OSM W27089872 (overpass wikidata tag),7.899,4.029,0.51,False,0.0037,0.092,0.32,1,0.0,1,4.029,0.0,0,0,0,0,0,,0.0,0.0,0.0,0.0,0.0,0.32,0.0037,0.09,0.0,0.0,0.0,0.0,0.0,0.0,,0.0,0.0,ok,2026-09-27,False,
110-vancouver-pacific-spirit-regional-park,Pacific Spirit Regional Park,Vancouver,Canada,southcoast-admreg,North America,OSM R11683817 (wikidata P402),7.628,8.411,1.1,False,0.1132,1.346,14.83,16,0.0,1,8.411,0.0,0,0,0,0,0,,89.7,11.74,0.0,0.0,0.0,10.55,0.0846,1.01,3.15,0.0194,0.23,1.13,0.003,0.04,,0.0062,0.07,ok,2026-09-27,False,
111-birmingham-sandwell-valley-park,Sandwell Valley Park,Birmingham,United Kingdom,west-midlands,Europe,OSM R7610695+R5716006 (override),7.6,1.724,0.23,True,0.0122,0.708,0.59,2,0.0,4,0.809,0.546,2,1,0,0,2,0.0,3.4,0.02,0.0,0.0,0.0,0.0,0.0,0.0,0.02,0.0002,0.01,0.57,0.0017,0.1,,0.0103,0.6,ok,2026-09-27,False,
112-kansas-city-swope-park,Swope Park,Kansas City,United States,us/missouri,North America,OSM W284376039 (overpass wikidata tag),7.305,7.273,1.0,False,0.2826,3.886,32.81,40,1.01,2,7.175,0.077,0,0,0,1,0,,3.1,1.01,1.01,0.0154,0.21,4.12,0.0341,0.47,9.17,0.0547,0.75,18.51,0.0546,0.75,,0.1238,1.7,ok,2026-09-27,False,
113-san-diego-torrey-pines-state-natural-reserve,Torrey Pines State Natural Reserve,San Diego,United States,socal,North America,OSM W39370099 (overpass wikidata tag),7.284,5.338,0.73,False,0.1114,2.087,10.42,16,0.0,1,5.338,0.0,0,0,0,0,0,,78.0,6.81,0.0,0.0,0.0,6.84,0.0556,1.04,2.55,0.0149,0.28,1.03,0.003,0.06,,0.0379,0.71,ok,2026-09-27,False,
114-meriden-hubbard-park,Hubbard Park,Meriden,United States,us/connecticut,North America,OSM R14257256 (wikidata P402),7.284,3.745,0.51,False,0.1007,2.689,11.98,14,4.16,3,3.141,0.504,1,1,1,2,0,4.16,33.3,3.99,4.16,0.0522,1.39,0.0,0.0,0.0,5.97,0.0353,0.94,1.85,0.0053,0.14,,0.0079,0.21,ok,2026-09-27,False,
115-new-york-city-staten-island-greenbelt,Staten Island Greenbelt,New York City,United States,us/new-york,North America,OSM W33870127 (override),7.195,2.457,0.34,True,0.0046,0.187,0.86,1,0.0,1,2.457,0.0,0,0,0,0,0,,8.4,0.0,0.0,0.0,0.0,0.0,0.0,0.0,0.39,0.0024,0.1,0.47,0.0014,0.06,,0.0008,0.03,ok,2026-09-27,False,
116-austin-barton-creek-greenbelt,Barton Creek Greenbelt,Austin,United States,us/texas,North America,OSM R5716409 (wikidata P402),7.167,3.402,0.47,False,0.013,0.382,0.74,2,0.71,2,1.884,1.513,4,3,2,0,0,0.18,97.6,0.72,0.71,0.0112,0.33,0.0,0.0,0.0,0.01,0.0,0.0,0.02,0.0001,0.0,,0.0017,0.05,ok,2026-09-27,False,
117-jacksonville-little-talbot-island-state-park,Little Talbot Island State Park,Jacksonville,United States,us/florida,North America,coordinates: relation/1863030 Little Talbot Island State Park,7.155,7.066,0.99,True,0.0723,1.023,12.55,10,0.0,1,7.066,0.0,0,0,0,0,0,,46.1,5.79,0.0,0.0,0.0,5.79,0.0464,0.66,0.0,0.0,0.0,6.76,0.0201,0.28,,0.0058,0.08,ok,2026-09-27,False,
118-dublin-phoenix-park,Phoenix Park,Dublin,Ireland,ireland-and-northern-ireland,Europe,OSM R4423275 (wikidata P402),7.122,7.039,0.99,False,0.1936,2.75,29.37,27,0.0,1,7.039,0.0,0,0,0,0,0,,89.7,0.18,0.0,0.0,0.0,0.18,0.0012,0.02,20.16,0.1175,1.67,9.03,0.0268,0.38,,0.0481,0.68,ok,2026-09-27,False,
119-san-diego-mission-bay-park,Mission Bay Park,San Diego,United States,socal,North America,OSM R3162362 (override),7.106,2.1,0.3,True,0.0915,4.357,10.24,13,0.0,2,1.79,0.31,0,0,0,0,0,,70.9,7.26,0.0,0.0,0.0,0.0,0.0,0.0,7.32,0.0221,1.05,2.92,0.0087,0.41,,0.0607,2.89,ok,2026-09-27,False,
120-washington-d-c-rock-creek-park,Rock Creek Park,"Washington, D.C.",United States,us/district-of-columbia,North America,OSM R4610875 (wikidata P402),7.098,7.179,1.01,False,0.2156,3.003,29.03,30,0.0,1,7.179,0.0,0,0,0,0,0,,61.0,16.75,0.0,0.0,0.0,10.52,0.0717,1.0,13.38,0.08,1.12,5.13,0.016,0.22,,0.0479,0.67,ok,2026-09-27,False,
122-jacksonville-big-talbot-island-state-park,Big Talbot Island State Park,Jacksonville,United States,us/florida,North America,coordinates: relation/4224499 Big Talbot Island State Park,6.912,6.263,0.91,True,0.0771,1.231,10.48,11,0.0,1,6.263,0.0,0,0,0,0,0,,62.0,6.5,0.0,0.0,0.0,6.5,0.052,0.83,2.2,0.0132,0.21,1.78,0.0052,0.08,,0.0067,0.11,ok,2026-09-27,False,
123-monza-monza-park,Monza Park,Monza,Italy,nord-ovest,Europe,OSM R2605686 (overpass wikidata tag),6.88,7.243,1.05,False,0.2039,2.815,19.45,29,0.0,1,7.243,0.0,0,0,0,0,0,,44.7,2.25,0.0,0.0,0.0,0.0,0.0,0.0,0.06,0.0007,0.01,19.39,0.0715,0.99,,0.1317,1.82,ok,2026-09-27,False,
124-north-little-rock-burns-park,Burns Park,North Little Rock,United States,us/arkansas,North America,coordinates: way/178228374 Burns Park,6.88,6.932,1.01,True,0.379,5.467,42.86,53,8.82,4,5.029,1.679,0,0,0,2,2,,16.6,7.12,8.82,0.12,1.73,0.0,0.0,0.0,16.3,0.1006,1.45,17.74,0.0524,0.76,,0.106,1.53,ok,2026-09-27,False,
125-mexico-city-chapultepec-park,Chapultepec Park,Mexico City,Mexico,mexico,North America,"OSM W190273979+179 more (override, gaps closed 25 m)",6.859,5.505,0.8,False,0.2447,4.445,33.95,34,0.65,4,3.308,2.01,8,2,2,4,16,0.08,20.2,5.17,0.65,0.0064,0.12,6.22,0.0588,1.07,21.14,0.1228,2.23,5.94,0.0179,0.33,,0.0388,0.71,ok,2026-09-27,False,
126-wheeling-oglebay-park,Oglebay Park,Wheeling,United States,us/west-virginia,North America,OSM R12869816 (wikidata P402),6.677,3.287,0.49,False,0.0995,3.027,18.67,14,0.0,1,3.287,0.0,0,0,0,0,0,,0.0,0.0,0.0,0.0,0.0,2.74,0.0192,0.59,13.89,0.0729,2.22,2.04,0.006,0.18,,0.0014,0.04,ok,2026-09-27,False,
127-lawrence-fort-harrison-state-park,Fort Harrison State Park,Lawrence,United States,us/indiana,North America,OSM R13340701 (wikidata P402),6.637,7.061,1.06,False,0.108,1.53,16.79,15,0.0,2,6.328,0.733,0,0,0,0,0,,17.6,2.47,0.0,0.0,0.0,0.04,0.0004,0.01,6.14,0.0364,0.51,10.61,0.0317,0.45,,0.0395,0.56,ok,2026-09-27,False,
128-eureka-springs-lake-leatherwood-park,Lake Leatherwood Park,Eureka Springs,United States,us/arkansas,North America,coordinates: way/707657768 Lake Leatherwood Park,6.556,5.705,0.87,True,0.0228,0.4,3.94,3,0.0,1,5.705,0.0,0,0,0,0,0,,0.0,0.0,0.0,0.0,0.0,0.0,0.0,0.0,2.5,0.015,0.26,1.44,0.0042,0.07,,0.0036,0.06,ok,2026-09-27,False,
129-philadelphia-pennypack-park,Pennypack Park,Philadelphia,United States,us/pennsylvania,North America,OSM R18382716 (wikidata P402),6.548,5.529,0.84,False,0.0469,0.848,5.24,7,1.01,3,3.26,2.159,4,2,2,0,5,0.25,21.6,1.13,1.01,0.0174,0.32,0.71,0.0057,0.1,0.31,0.0025,0.04,3.21,0.0108,0.2,,0.0105,0.19,ok,2026-09-27,False,
130-madrid-manzanares-park,Manzanares Park,Madrid,Spain,madrid,Europe,OSM R20060070 (override),6.499,1.782,0.27,True,0.078,4.377,2.74,11,0.0,2,1.127,0.654,10,10,0,0,1,0.0,2.2,0.0,0.0,0.0004,0.02,0.77,0.0059,0.33,0.5,0.0027,0.15,1.47,0.0043,0.24,,0.0647,3.63,ok,2026-09-27,False,
131-claremont-claremont-hills-wilderness-park,Claremont Hills Wilderness Park,Claremont,United States,socal,North America,"name search: Claremont Hills Wilderness Park, Claremont, United States",6.43,7.514,1.17,True,0.0074,0.098,0.65,1,0.0,1,7.514,0.0,0,0,0,0,0,,0.0,0.0,0.0,0.0,0.0,0.0,0.0,0.0,0.01,0.0001,0.0,0.64,0.0019,0.03,,0.0054,0.07,ok,2026-09-27,False,
132-hanover-eilenriede,Eilenriede,Hanover,Germany,niedersachsen,Europe,OSM R156510 (wikidata P402),6.4,3.572,0.56,False,0.0444,1.243,9.61,6,0.0,2,2.914,0.658,4,0,4,0,0,0.0,97.4,3.71,0.0,0.0,0.0,0.0,0.0,0.0,9.36,0.0365,1.02,0.25,0.0007,0.02,,0.0072,0.2,ok,2026-09-27,False,
133-chorzow-silesian-park,Silesian Park,Chorzów,Poland,slaskie,Europe,coordinates: relation/3836676 Park Śląski,6.2,5.26,0.85,True,0.1033,1.964,9.61,14,0.0,1,5.26,0.0,0,0,0,0,0,,1.7,0.0,0.0,0.0,0.0,0.0,0.0,0.0,3.61,0.0162,0.31,6.0,0.0177,0.34,,0.0694,1.32,ok,2026-09-27,False,
134-phoenix-adobe-dam-regional-park,Adobe Dam Regional Park,Phoenix,United States,us/arizona,North America,"name search: Adobe Dam Regional Park, Phoenix, United States",6.176,6.093,0.99,True,0.1234,2.025,6.98,17,0.0,1,6.093,0.0,0,0,0,0,0,,23.2,1.62,0.0,0.0,0.0,0.0,0.0,0.0,4.14,0.0248,0.41,2.84,0.0084,0.14,,0.0902,1.48,ok,2026-09-27,False,
136-birmingham-red-mountain-park,Red Mountain Park,Birmingham,United States,us/alabama,North America,coordinates: way/405947402 Red Mountain Park,6.07,4.282,0.71,True,0.0025,0.058,0.24,0,0.0,1,4.282,0.0,0,0,0,0,0,,0.0,0.0,0.0,0.0,0.0,0.0,0.0,0.0,0.0,0.0,0.0,0.24,0.0007,0.02,,0.0018,0.04,ok,2026-09-27,False,
137-des-moines-water-works-park,Water Works Park,Des Moines,United States,us/iowa,North America,OSM W67058964 (overpass wikidata tag),6.07,5.204,0.86,False,0.0837,1.608,18.3,12,0.0,1,5.204,0.0,0,0,0,0,0,,12.9,2.36,0.0,0.0,0.0,3.89,0.0268,0.51,0.0,0.0001,0.0,14.41,0.0429,0.82,,0.0139,0.27,ok,2026-09-27,False,
138-vienna-prater,Prater,Vienna,Austria,austria,Europe,coordinates: relation/1406382 Prater,6.07,4.688,0.77,True,0.1107,2.361,11.7,16,1.4,1,4.685,0.0,7,7,0,0,0,0.2,80.0,1.59,1.4,0.0216,0.46,0.03,0.0004,0.01,6.58,0.0531,1.13,3.69,0.012,0.26,,0.0236,0.5,ok,2026-09-27,False,
140-san-francisco-presidio-of-san-francisco-park,Presidio of San Francisco Park,San Francisco,United States,norcal,North America,OSM R8346137 (wikidata P402),6.034,6.077,1.01,False,0.6191,10.187,78.61,87,12.19,1,5.959,0.0,22,22,0,3,2,0.55,31.6,22.17,14.26,0.1316,2.17,3.42,0.0266,0.44,46.94,0.2689,4.42,13.99,0.0406,0.67,,0.1514,2.49,ok,2026-09-27,False,
142-lincoln-wilderness-park,Wilderness Park,Lincoln,United States,us/nebraska,North America,OSM R15831382 (override),5.957,5.644,0.95,False,0.0107,0.19,1.26,1,0.0,11,1.808,0.913,0,0,0,0,1,,0.0,0.0,0.0,0.0,0.0,0.0,0.0,0.0,0.07,0.0004,0.01,1.19,0.0036,0.06,,0.0067,0.12,ok,2026-09-27,False,
143-cincinnati-mount-airy-forest,Mount Airy Forest,Cincinnati,United States,us/ohio,North America,OSM R13044889 (wikidata P402),5.953,5.763,0.97,False,0.1061,1.841,16.31,15,0.0,2,3.753,2.009,0,0,0,0,0,,82.4,13.43,0.0,0.0,0.0,1.82,0.0127,0.22,12.88,0.0719,1.25,1.61,0.0047,0.08,,0.0168,0.29,ok,2026-09-27,False,
144-houston-memorial-park,Memorial Park,Houston,United States,us/texas,North America,OSM W88873795 (overpass wikidata tag),5.933,5.923,1.0,False,0.242,4.086,22.14,34,2.16,1,5.894,0.0,3,3,0,1,3,0.72,63.8,13.55,2.16,0.0315,0.53,9.27,0.0856,1.44,7.58,0.0463,0.78,3.13,0.0092,0.16,,0.0694,1.17,ok,2026-09-27,False,
145-omaha-glenn-cunningham-lake-park,Glenn Cunningham Lake Park,Omaha,United States,us/nebraska,North America,OSM R13104484 (override),5.823,3.915,0.67,False,0.0563,1.438,8.93,8,0.0,1,3.915,0.0,0,0,0,0,0,,24.4,1.39,0.0,0.0,0.0,0.0,0.0,0.0,6.33,0.035,0.89,2.6,0.0077,0.2,,0.0136,0.35,ok,2026-09-27,False,
146-los-angeles-hansen-dam-recreation-center,Hansen Dam Recreation Center,Los Angeles,United States,socal,North America,OSM R17588214 (override),5.815,4.661,0.8,False,0.0811,1.74,4.93,11,0.0,4,4.539,0.076,0,0,0,0,1,,0.8,0.04,0.0,0.0,0.0,0.04,0.0007,0.01,0.0,0.0,0.0,4.89,0.0162,0.35,,0.0642,1.38,ok,2026-09-27,False,
147-virginia-beach-stumpy-lake-park,Stumpy Lake Park,Virginia Beach,United States,us/virginia,North America,OSM R11681334 (override),5.807,4.397,0.76,False,0.0018,0.041,0.4,0,0.0,1,4.397,0.0,0,0,0,0,0,,0.0,0.0,0.0,0.0,0.0,0.0,0.0006,0.01,0.0,0.0,0.0,0.4,0.0012,0.03,,0.0,0.0,ok,2026-09-27,False,
148-riverside-sycamore-canyon-wilderness-park,Sycamore Canyon Wilderness Park,Riverside,United States,socal,North America,"name search: Sycamore Canyon Wilderness Park, Riverside, United States",5.763,5.769,1.0,True,0.0025,0.043,0.08,0,0.0,2,5.692,0.078,0,0,0,0,0,,0.0,0.0,0.0,0.0,0.0,0.0,0.0,0.0,0.0,0.0,0.0,0.08,0.0002,0.0,,0.0023,0.04,ok,2026-09-27,False,
149-quito-parque-metropolitano-guanguiltagua,Parque Metropolitano Guangüiltagua,Quito,Ecuador,ecuador,South America,"name search: Parque Metropolitano Guangüiltagua, Quito, Ecuador",5.74,5.296,0.92,True,0.0653,1.233,8.56,9,0.0,1,5.296,0.0,0,0,0,1,3,,0.0,0.0,0.0,0.0,0.0,0.0,0.0,0.0,4.63,0.0275,0.52,3.93,0.0116,0.22,,0.0262,0.49,ok,2026-09-27,False,
150-anchorage-kincaid-park,Kincaid Park,Anchorage,United States,us/alaska,North America,OSM R18433834 (wikidata P402),5.71,6.448,1.13,False,0.0564,0.875,6.73,8,0.0,1,6.448,0.0,0,0,0,0,0,,51.3,3.1,0.0,0.0,0.0,0.0,0.0,0.0,3.74,0.0228,0.35,2.99,0.0088,0.14,,0.0248,0.38,ok,2026-09-27,False,
151-munich-englischer-garten,Englischer Garten,Munich,Germany,oberbayern,Europe,OSM W159075298 (overpass wikidata tag),5.666,3.932,0.69,False,0.0478,1.216,4.93,7,2.67,3,2.613,1.276,8,0,3,0,2,0.33,83.8,3.0,2.67,0.0237,0.6,0.0,0.0,0.0,1.49,0.0087,0.22,0.77,0.0022,0.06,,0.0132,0.34,ok,2026-09-27,False,
152-san-antonio-rancho-diana,Rancho Diana,San Antonio,United States,us/texas,North America,"name search: Rancho Diana, San Antonio, United States",5.633,4.65,0.83,True,0.0015,0.032,0.51,0,0.0,1,4.65,0.0,0,0,0,0,0,,0.0,0.0,0.0,0.0,0.0,0.0,0.0,0.0,0.0,0.0,0.0,0.51,0.0015,0.03,,0.0,0.0,ok,2026-09-27,False,
154-honolulu-sacred-falls-state-park,Sacred Falls State Park,Honolulu,United States,us/hawaii,North America,coordinates: way/129219914,5.56,6.644,1.19,True,0.0032,0.048,1.07,0,0.0,1,6.644,0.0,0,0,0,0,0,,0.0,0.0,0.0,0.0,0.0,0.0,0.0,0.0,0.03,0.0001,0.0,1.04,0.0031,0.05,,0.0,0.0,ok,2026-09-27,False,
155-st-louis-forest-park,Forest Park,St. Louis,United States,us/missouri,North America,OSM R18497650 (wikidata P402),5.548,5.467,0.99,False,0.4906,8.974,39.76,69,11.11,5,5.046,0.114,9,9,3,0,2,1.23,81.7,29.35,11.15,0.1546,2.83,3.17,0.0241,0.44,22.04,0.1257,2.3,3.4,0.0098,0.18,,0.1764,3.23,ok,2026-09-27,False,
156-huntersville-latta-plantation-nature-center-and-preserve,Latta Plantation Nature Center and Preserve,Huntersville,United States,us/north-carolina,North America,OSM R8067539 (override),5.435,6.046,1.11,False,0.0357,0.59,5.7,5,0.0,2,6.027,0.019,0,0,0,0,0,,0.0,0.0,0.0,0.0,0.0,0.0,0.0,0.0,3.83,0.023,0.38,1.87,0.0055,0.09,,0.0072,0.12,ok,2026-09-27,False,
157-colorado-springs-garden-of-the-gods-park,Garden of the Gods Park,Colorado Springs,United States,us/colorado,North America,OSM R2907014 (wikidata P402),5.338,5.248,0.98,False,0.094,1.791,11.76,13,0.0,2,5.181,0.067,0,0,0,0,0,,77.4,9.01,0.0,0.0,0.0,0.0,0.0,0.0,11.38,0.0508,0.97,0.38,0.0011,0.02,,0.0421,0.8,ok,2026-09-27,False,
158-new-orleans-city-park,City Park,New Orleans,United States,us/louisiana,North America,OSM W28533910 (overpass wikidata tag),5.261,4.889,0.93,False,0.2315,4.735,29.49,32,2.72,1,4.862,0.0,1,1,0,2,0,2.72,31.3,9.23,2.72,0.0415,0.85,0.74,0.0032,0.07,20.36,0.1211,2.48,5.67,0.0162,0.33,,0.0495,1.01,ok,2026-09-27,False,
159-san-diego-balboa-park,Balboa Park,San Diego,United States,socal,North America,OSM R15082953 (wikidata P402),5.224,4.947,0.95,False,0.5466,11.049,41.71,77,7.79,3,4.235,0.591,7,7,4,0,5,1.11,36.0,13.4,7.79,0.0733,1.48,11.69,0.093,1.88,15.05,0.0938,1.9,7.18,0.0212,0.43,,0.2653,5.36,ok,2026-09-27,False,
160-san-diego-black-mountain-open-space-park,Black Mountain Open Space Park,San Diego,United States,socal,North America,OSM R12492394 (wikidata P402),5.196,9.565,1.84,False,0.0082,0.086,1.96,1,0.0,7,5.712,2.297,0,0,0,0,0,,0.0,0.0,0.0,0.0,0.0,0.0,0.0,0.0,0.17,0.0011,0.01,1.79,0.0054,0.06,,0.0017,0.02,ok,2026-09-27,False,
161-colorado-springs-north-cheyenne-canon-park,North Cheyenne Cañon Park,Colorado Springs,United States,us/colorado,North America,OSM W219716600 (override),5.099,5.547,1.09,False,0.0942,1.698,13.74,13,0.0,1,5.547,0.0,0,0,0,0,0,,72.2,9.91,0.0,0.0,0.0,0.0,0.0,0.0,12.89,0.0775,1.4,0.85,0.0025,0.04,,0.0142,0.26,ok,2026-09-27,False,
162-oakland-middle-harbor-shoreline-park,Middle Harbor Shoreline Park,Oakland,United States,norcal,North America,OSM W25003798 (override),4.937,0.191,0.04,True,0.0131,6.872,1.26,2,0.0,1,0.191,0.0,0,0,0,0,0,,0.0,0.0,0.0,0.0,0.0,0.0,0.0,0.0,0.0,0.0,0.0,1.26,0.0037,1.96,,0.0094,4.95,ok,2026-09-27,False,
163-chicago-lincoln-park,Lincoln Park,Chicago,United States,us/illinois,North America,OSM R11610689 (overpass wikidata tag),4.921,4.329,0.88,False,0.1613,3.726,5.65,23,0.0,21,2.249,0.596,25,25,1,0,7,0.0,0.1,0.01,0.0,0.0166,0.38,0.0,0.001,0.02,0.0,0.0001,0.0,5.65,0.0167,0.38,,0.1269,2.93,ok,2026-09-27,False,
164-washington-d-c-anacostia-park,Anacostia Park,"Washington, D.C.",United States,us/district-of-columbia,North America,OSM W41965166+W41965329+W41965333 (override),4.917,0.91,0.19,True,0.0881,9.678,9.19,12,0.14,3,0.449,0.255,5,5,0,0,0,0.03,48.6,4.46,0.14,0.0019,0.21,0.03,0.0005,0.05,4.6,0.0284,3.12,4.42,0.0131,1.43,,0.0442,4.86,ok,2026-09-27,False,
165-phoenix-cave-buttes-recreation-area,Cave Buttes Recreation Area,Phoenix,United States,us/arizona,North America,OSM R19733128 (override),4.856,11.315,2.33,True,0.028,0.247,4.46,4,0.0,1,11.315,0.0,0,0,0,0,0,,44.5,1.99,0.0,0.0,0.0,0.58,0.0047,0.04,3.88,0.0233,0.21,0.0,0.0,0.0,,0.0,0.0,ok,2026-09-27,False,
166-baltimore-gwynns-falls-leakin-park,Gwynns Falls Leakin Park,Baltimore,United States,us/maryland,North America,OSM R11096157 (wikidata P402),4.856,4.043,0.83,False,0.0307,0.759,3.34,4,0.0,11,1.904,0.958,1,1,0,0,0,0.0,48.6,1.63,0.0,0.0,0.0,0.01,0.0014,0.03,1.64,0.0139,0.34,1.69,0.0053,0.13,,0.0101,0.25,ok,2026-09-27,False,
167-jersey-city-liberty-state-park,Liberty State Park,Jersey City,United States,us/new-jersey,North America,OSM R8262630 (override),4.808,1.449,0.3,True,0.1889,13.034,9.97,26,0.0,1,1.449,0.0,2,2,0,0,1,0.0,59.4,5.92,0.0,0.0,0.0,0.0,0.0,0.0,6.83,0.0326,2.25,3.14,0.0098,0.68,,0.1465,10.11,ok,2026-09-27,False,
168-madrid-parque-de-valdebebas,Parque de Valdebebas,Madrid,Spain,madrid,Europe,OSM R2297480 (override),4.8,1.826,0.38,True,0.0,0.0,0.0,0,0.0,1,1.826,0.0,0,0,0,0,0,,0.0,0.0,0.0,0.0,0.0,0.0,0.0,0.0,0.0,0.0,0.0,0.0,0.0,0.0,,0.0,0.0,ok,2026-09-27,False,
169-glendale-thunderbird-conservation-park,Thunderbird Conservation Park,Glendale,United States,us/arizona,North America,"name search: Thunderbird Conservation Park, Glendale, United States",4.796,4.591,0.96,True,0.0328,0.714,3.42,5,0.0,2,4.495,0.097,0,0,0,0,0,,92.3,3.16,0.0,0.0,0.0,3.16,0.0153,0.33,0.0,0.0,0.0,0.26,0.0009,0.02,,0.0166,0.36,ok,2026-09-27,False,
170-tallahassee-alfred-b-maclay-gardens-state-park,Alfred B. Maclay Gardens State Park,Tallahassee,United States,us/florida,North America,OSM W145205861 (overpass wikidata tag),4.771,4.936,1.03,False,0.019,0.385,3.01,3,0.0,1,4.936,0.0,0,0,0,0,1,,87.2,0.0,0.0,0.0,0.0,0.0,0.0,0.0,2.17,0.0125,0.25,0.84,0.004,0.08,,0.0025,0.05,ok,2026-09-27,False,
171-columbus-three-creeks-parks,Three Creeks Parks,Columbus,United States,us/ohio,North America,OSM W465775393 (override),4.678,4.817,1.03,False,0.0649,1.347,5.76,9,1.99,3,2.6,1.675,2,2,1,1,0,1.0,58.0,2.81,1.99,0.0266,0.55,0.3,0.0022,0.05,0.34,0.0023,0.05,3.13,0.0113,0.23,,0.0225,0.47,ok,2026-09-27,False,
172-mesa-red-mountain-park,Red Mountain Park,Mesa,United States,us/arizona,North America,OSM W132487782 (override),4.639,1.318,0.28,True,0.0523,3.969,3.64,7,0.0,1,1.318,0.0,0,0,0,0,0,,9.8,0.36,0.0,0.0,0.0,1.61,0.0138,1.05,0.0,0.0,0.0,2.03,0.0081,0.62,,0.0304,2.31,ok,2026-09-27,False,
173-new-york-city-van-cortlandt-park,Van Cortlandt Park,New York City,United States,us/new-york,North America,OSM W56384794 (overpass wikidata tag),4.638,4.603,0.99,False,0.2625,5.702,27.89,37,19.87,8,1.226,0.8,13,13,2,0,13,1.53,59.3,16.54,19.87,0.2101,4.56,2.61,0.0194,0.42,0.55,0.003,0.07,4.86,0.0142,0.31,,0.0158,0.34,ok,2026-09-27,False,
174-memphis-t-o-fuller-state-park,T.O. Fuller State Park,Memphis,United States,us/tennessee,North America,OSM R543045 (wikidata P402),4.605,3.098,0.67,False,0.0355,1.146,5.58,5,0.0,2,2.828,0.27,0,0,0,0,0,,0.0,0.0,0.0,0.0,0.0,0.0,0.0,0.0,4.99,0.0243,0.78,0.59,0.0017,0.05,,0.0095,0.31,ok,2026-09-27,False,
175-austin-emma-long-metropolitan-park,Emma Long Metropolitan Park,Austin,United States,us/texas,North America,OSM W31112152 (overpass wikidata tag),4.601,4.647,1.01,False,0.0761,1.638,11.76,11,0.0,1,4.647,0.0,0,0,0,0,0,,0.0,0.0,0.0,0.0,0.0,0.0,0.0,0.0,10.42,0.0622,1.34,1.34,0.0039,0.08,,0.01,0.21,ok,2026-09-27,False,
176-huntsville-monte-sano-nature-preserve,Monte Sano Nature Preserve,Huntsville,United States,us/alabama,North America,OSM R9079540 (wikidata P402),4.48,4.033,0.9,False,0.0187,0.464,2.67,3,0.0,1,4.033,0.0,0,0,0,0,0,,10.0,0.27,0.0,0.0,0.0,0.0,0.0,0.0,2.37,0.0152,0.38,0.3,0.0009,0.02,,0.0026,0.06,ok,2026-09-27,False,
177-winnipeg-assiniboine-park,Assiniboine Park,Winnipeg,Canada,manitoba,North America,coordinates: relation/1470286 Assiniboine Forest,4.452,2.554,0.57,True,0.0,0.0,0.0,0,0.0,2,1.751,0.801,0,0,0,0,0,,0.0,0.0,0.0,0.0,0.0,0.0,0.0,0.0,0.0,0.0,0.0,0.0,0.0,0.0,,0.0,0.0,ok,2026-09-27,False,
178-detroit-rouge-park,Rouge Park,Detroit,United States,us/michigan,North America,OSM R12188067 (override),4.452,3.698,0.83,False,0.1338,3.618,13.18,19,0.0,2,2.078,1.62,0,0,0,0,0,,60.0,7.9,0.0,0.0,0.0,4.91,0.0698,1.89,6.21,0.0377,1.02,2.06,0.006,0.16,,0.0203,0.55,ok,2026-09-27,False,
179-london-bushy-park,Bushy Park,London,United Kingdom,greater-london,Europe,OSM W158748808 (overpass wikidata tag),4.447,4.192,0.94,False,0.0474,1.131,8.09,7,0.0,1,4.192,0.0,0,0,0,0,4,,31.8,2.21,0.0,0.0,0.0,0.0,0.0001,0.0,2.21,0.011,0.26,5.88,0.0175,0.42,,0.0188,0.45,ok,2026-09-27,False,
180-charlotte-mcdowell-nature-center-and-preserve,McDowell Nature Center and Preserve,Charlotte,United States,us/north-carolina,North America,OSM W38619537 (override),4.443,4.659,1.05,False,0.0622,1.335,10.7,9,0.0,1,4.659,0.0,0,0,0,0,0,,43.9,4.69,0.0,0.0,0.0,0.0,0.0,0.0,9.11,0.0503,1.08,1.59,0.0046,0.1,,0.0073,0.16,ok,2026-09-27,False,
181-colorado-springs-cheyenne-mountain-state-park,Cheyenne Mountain State Park,Colorado Springs,United States,us/colorado,North America,OSM W219721781 (overpass wikidata tag),4.29,8.764,2.04,False,0.0726,0.828,11.31,10,0.0,1,8.764,0.0,0,0,0,0,0,,13.0,1.47,0.0,0.0,0.0,0.0,0.0,0.0,4.64,0.0279,0.32,6.67,0.0197,0.23,,0.025,0.29,ok,2026-09-27,False,
182-new-taipei-new-taipei-metropolitan-park,New Taipei Metropolitan Park,New Taipei,Taiwan,taiwan,Asia,OSM W429822499 (overpass wikidata tag),4.24,4.066,0.96,False,0.3621,8.905,34.54,51,8.14,1,4.065,0.0,14,1,0,13,0,0.58,37.9,12.86,8.14,0.0884,2.17,4.92,0.0332,0.82,17.06,0.1106,2.72,4.42,0.0128,0.31,,0.1171,2.88,ok,2026-09-27,False,
183-riga-mezaparks,Mežaparks,Riga,Latvia,latvia,Europe,OSM R2030721 (wikidata P402),4.24,3.867,0.91,False,0.0635,1.642,14.87,9,0.0,2,3.828,0.039,0,0,0,0,0,,89.7,0.0,0.0,0.0,0.0,0.0,0.0,0.0,13.37,0.042,1.09,1.5,0.0048,0.13,,0.0167,0.43,ok,2026-09-27,False,
184-birmingham-ruffner-mountain-park,Ruffner Mountain Park,Birmingham,United States,us/alabama,North America,coordinates: way/625136599 Ruffner Mountain,4.209,6.518,1.55,True,0.0148,0.227,2.74,2,0.0,1,6.518,0.0,0,0,0,0,0,,0.0,0.0,0.0,0.0,0.0,0.24,0.0019,0.03,2.04,0.0114,0.18,0.46,0.0014,0.02,,0.0001,0.0,ok,2026-09-27,False,
185-brasilia-parque-da-cidade-dona-sarah-kubitschek,Parque da Cidade Dona Sarah Kubitschek,Brasília,Brazil,centro-oeste,South America,"name search: Parque da Cidade Dona Sarah Kubitschek, Brasília, Brazil",4.2,3.944,0.94,True,0.44,11.156,27.37,62,0.12,1,3.942,0.0,0,0,0,0,3,,49.7,13.59,0.12,0.0019,0.05,14.5,0.169,4.28,0.63,0.0021,0.05,12.12,0.035,0.89,,0.232,5.88,ok,2026-09-27,False,
186-bedford-bedford-reservation,Bedford Reservation,Bedford,United States,us/ohio,North America,OSM R3956286 (override),4.18,10.449,2.5,True,0.1526,1.46,22.25,21,0.0,12,6.433,1.113,2,2,0,0,0,0.0,39.9,8.89,0.0,0.0,0.0,0.64,0.0045,0.04,19.06,0.1206,1.15,2.55,0.0075,0.07,,0.02,0.19,ok,2026-09-27,False,
188-arlington-river-legacy-park,River Legacy Park,Arlington,United States,us/texas,North America,OSM W28541196 (override),4.172,0.572,0.14,True,0.0,0.0,0.0,0,0.0,1,0.572,0.0,0,0,0,0,0,,0.0,0.0,0.0,0.0,0.0,0.0,0.0,0.0,0.0,0.0,0.0,0.0,0.0,0.0,,0.0,0.0,ok,2026-09-27,False,
189-san-francisco-golden-gate-park,Golden Gate Park,San Francisco,United States,norcal,North America,coordinates: way/158602261 Golden Gate Park,4.156,4.063,0.98,True,0.2077,5.112,28.15,29,3.04,2,2.269,1.754,4,0,4,0,0,0.76,43.0,11.33,3.04,0.038,0.94,2.61,0.0225,0.55,13.14,0.0793,1.95,9.36,0.0264,0.65,,0.0415,1.02,ok,2026-09-27,False,
191-willoughby-hills-north-chagrin-reservation,North Chagrin Reservation,Willoughby Hills,United States,us/ohio,North America,"name search: North Chagrin Reservation, Willoughby Hills, United States",4.063,7.953,1.96,True,0.1234,1.552,14.39,17,0.0,5,7.222,0.431,0,0,0,0,0,,51.3,7.38,0.0,0.0,0.0,4.54,0.0414,0.52,7.43,0.0478,0.6,2.42,0.0071,0.09,,0.0271,0.34,ok,2026-09-27,False,
192-perth-kings-park,Kings Park,Perth,Australia,western-australia,Oceania,OSM R11689223 (wikidata P402),4.059,4.005,0.99,False,0.0979,2.445,13.79,14,0.0,1,4.003,0.0,0,0,0,0,5,,16.0,1.89,0.0,0.0011,0.03,0.0,0.0,0.0,10.16,0.0604,1.51,3.63,0.0106,0.26,,0.0258,0.64,ok,2026-09-27,False,
193-vancouver-stanley-park,Stanley Park,Vancouver,Canada,southcoast-admreg,North America,OSM W37063023 (overpass wikidata tag),4.051,3.906,0.96,False,0.181,4.634,19.75,25,3.48,1,3.864,0.0,10,0,0,0,0,0.35,62.6,2.8,3.48,0.0417,1.07,0.0,0.0,0.0,14.16,0.0817,2.09,2.11,0.0065,0.17,,0.0511,1.31,ok,2026-09-27,False,
201-sintra-sintra-cascais-natural-park,Sintra-Cascais Natural Park,Sintra,Portugal,portugal,Europe,OSM R6267731 (manual),145.83,144.348,0.99,False,4.2839,2.968,729.71,600,4.94,2,144.122,0.164,0,0,0,5,6,,13.4,85.74,4.94,0.0588,0.04,65.15,0.5025,0.35,538.01,3.0621,2.12,121.61,0.3513,0.24,,0.3092,0.21,ok,2026-09-29,False,2026-09-30
